Year,THW,WD,DIV,PIG,Gomez,JRIBAS,B40,NORUS_8_7,NORUS_7_2,B53,NORUS_7_5,NORUS_7_7,Aurora_Basin,W10,Illimani,D4,Summit2010,NEEM-2011-S1,Tunu2013,ACT11d,ACT2,NGT-B19,Humboldt,Flade-Isblink,Hans-Tausen,NasaU,Akademii-Nauk,Colle_Gnifetti,Upper-Fremont-Glacier,McCall-Glacier,Eclipse
1750,-999.0,21.4,-999.0,-999.0,-999.0,58.1,29.6,13.7,9.5,5.4,5.9,6.4,20.4,28.9,150.1,262.5,371.5,438.4,87.0,224.3,-999.0,143.7,237.0,263.2,62.6,151.5,224.6,1012.5,216.6,-999.0,644.4
1751,-999.0,47.5,-999.0,-999.0,-999.0,45.4,10.8,10.0,9.1,3.2,4.7,5.6,73.9,12.0,139.2,922.0,288.6,1042.8,677.9,308.4,-999.0,233.5,602.9,1048.9,35.0,851.3,533.8,621.0,407.9,-999.0,1113.4
1752,-999.0,18.0,-999.0,-999.0,-999.0,66.7,10.7,5.7,27.7,5.7,5.0,6.1,29.0,29.0,237.4,443.0,218.4,670.3,21.3,639.4,-999.0,194.8,211.2,962.4,38.4,677.9,493.0,994.5,1179.4,-999.0,641.9
1753,-999.0,19.8,-999.0,-999.0,-999.0,33.7,21.2,10.2,13.5,6.7,6.4,5.0,11.7,53.4,57.1,175.8,157.3,501.8,83.9,170.0,-999.0,114.9,94.7,682.4,23.1,653.2,882.7,841.5,1092.7,-999.0,1153.0
1754,-999.0,12.0,-999.0,-999.0,-999.0,120.2,13.4,23.1,6.1,6.9,6.3,5.0,16.7,27.2,190.6,1834.4,266.9,391.9,66.0,181.9,-999.0,105.3,121.3,438.2,68.2,308.7,1381.9,2403.0,1275.5,-999.0,1045.0
1755,-999.0,14.0,-999.0,-999.0,-999.0,32.6,29.4,8.2,4.8,5.9,3.7,7.0,22.5,14.7,140.0,449.5,497.4,508.5,69.7,1505.7,-999.0,85.1,500.3,410.0,149.4,532.3,1535.9,369.0,938.9,-999.0,901.4
1756,-999.0,24.3,-999.0,-999.0,-999.0,49.4,10.2,22.2,5.9,7.9,3.2,9.1,22.4,16.6,236.6,379.4,322.8,599.6,116.6,905.5,-999.0,178.0,320.1,645.1,101.9,336.1,464.9,580.5,1435.0,-999.0,849.7
1757,-999.0,14.4,-999.0,-999.0,-999.0,63.1,4.7,5.2,18.7,6.6,5.9,7.5,27.0,47.5,237.6,292.4,226.0,278.9,85.5,1190.4,-999.0,124.6,137.3,480.5,97.6,187.3,926.7,1246.5,831.6,-999.0,966.7
1758,-999.0,32.5,-999.0,-999.0,-999.0,38.0,5.5,27.6,8.8,14.8,15.0,5.4,10.8,38.1,456.5,602.3,305.0,859.3,76.8,407.5,-999.0,287.1,860.1,513.4,32.8,429.8,901.2,931.5,3147.9,-999.0,1467.7
1759,-999.0,17.1,-999.0,-999.0,-999.0,73.5,11.2,1.5,15.1,13.9,17.3,7.1,7.8,15.4,115.9,262.1,244.8,469.5,67.7,288.7,-999.0,27.5,242.2,494.5,80.6,416.4,1111.5,1318.5,3728.4,-999.0,2335.6
1760,-999.0,22.1,-999.0,-999.0,-999.0,63.5,13.1,6.3,16.3,13.7,15.7,6.3,3.4,19.4,124.7,841.2,156.7,298.6,118.6,740.2,-999.0,44.4,103.9,470.9,716.3,787.5,1975.9,535.5,3202.7,-999.0,1472.2
1761,-999.0,23.4,-999.0,-999.0,-999.0,45.1,10.5,12.0,17.9,11.0,11.0,4.3,8.0,33.4,165.4,802.3,289.7,323.5,370.8,309.6,-999.0,56.6,170.2,1458.1,507.5,644.6,2081.1,652.5,4036.6,-999.0,1472.9
1762,-999.0,40.3,-999.0,-999.0,-999.0,50.3,7.1,14.3,14.0,5.5,9.2,5.3,5.2,37.1,210.7,423.9,282.0,299.3,193.6,451.9,-999.0,186.7,191.5,315.7,205.0,2524.1,1197.8,913.5,4378.9,-999.0,2347.6
1763,-999.0,81.8,-999.0,-999.0,-999.0,100.5,7.7,44.0,13.4,5.0,8.6,6.4,5.6,21.6,188.8,794.4,304.3,643.8,65.6,470.9,-999.0,67.2,806.3,390.1,65.5,2420.6,2916.5,346.5,3277.6,-999.0,1571.8
1764,-999.0,32.2,-999.0,-999.0,-999.0,41.2,3.3,25.5,6.3,6.5,7.9,5.8,20.9,59.3,170.1,194.5,147.1,251.8,343.9,1187.5,-999.0,91.0,155.9,336.2,38.0,279.8,2458.3,1791.0,2104.8,-999.0,5831.0
1765,-999.0,27.1,-999.0,-999.0,-999.0,47.0,5.2,16.0,6.5,5.1,5.2,5.2,14.1,51.1,86.1,392.8,212.6,283.2,566.5,474.7,-999.0,99.4,76.4,609.6,151.1,223.6,1396.8,360.0,3307.0,-999.0,1188.6
1766,-999.0,25.0,-999.0,-999.0,-999.0,35.5,18.5,8.7,6.3,5.7,4.8,4.8,8.1,21.2,328.3,398.3,246.3,382.2,214.0,227.8,-999.0,135.2,360.3,1893.4,243.2,366.5,1725.1,630.0,4655.2,-999.0,-999.0
1767,-999.0,42.6,-999.0,-999.0,-999.0,30.1,7.3,11.5,5.5,3.2,5.5,5.1,6.5,42.2,575.1,181.8,208.0,231.8,97.1,372.6,-999.0,144.0,113.2,648.7,109.5,123.3,2761.4,526.5,5907.9,-999.0,1296.4
1768,-999.0,16.8,-999.0,-999.0,-999.0,59.7,19.9,22.1,2.9,4.3,5.5,4.8,11.9,-999.0,267.1,441.2,697.6,387.6,75.8,545.1,-999.0,76.5,176.8,495.7,39.5,708.5,1835.9,832.5,2492.4,-999.0,1370.5
1769,-999.0,50.5,-999.0,-999.0,-999.0,58.9,14.1,7.2,6.0,3.5,2.6,3.6,22.0,-999.0,126.7,585.7,317.8,435.2,234.9,2205.3,-999.0,44.4,274.8,1155.0,76.9,464.4,685.9,733.5,3203.9,-999.0,880.5
1770,-999.0,8.5,-999.0,-999.0,-999.0,114.9,9.4,20.2,8.5,6.8,2.4,3.0,14.9,47.6,244.2,347.4,265.0,287.4,114.4,345.0,-999.0,101.3,103.6,650.6,166.7,437.9,1722.7,378.0,4866.0,-999.0,1249.1
1771,-999.0,39.4,-999.0,-999.0,-999.0,50.2,35.2,16.4,6.2,7.8,2.2,3.6,13.3,52.1,168.8,752.2,346.5,760.3,345.8,2388.3,-999.0,75.1,516.6,545.9,73.4,749.6,1493.4,1503.0,4746.2,-999.0,1763.9
1772,-999.0,21.2,-999.0,-999.0,-999.0,182.7,8.4,8.9,5.5,9.3,2.1,3.6,15.3,33.0,174.9,621.8,299.5,437.6,570.8,1118.1,-999.0,179.5,153.8,1383.6,136.3,626.2,1073.9,1462.5,1025.6,-999.0,1949.5
1773,-999.0,22.3,-999.0,-999.0,-999.0,45.0,13.6,19.0,3.7,8.4,2.1,3.5,19.1,12.3,301.1,254.1,434.4,355.3,587.9,272.9,831.8,204.3,1229.7,979.3,161.5,347.2,1592.1,270.0,1319.2,-999.0,2214.3
1774,-999.0,32.2,-999.0,-999.0,-999.0,59.6,15.3,9.0,10.2,15.4,1.7,4.3,12.7,24.6,205.8,373.6,162.5,668.6,116.3,408.3,274.7,210.1,219.6,864.8,376.4,974.0,955.4,1251.0,1144.3,-999.0,1028.6
1775,-999.0,23.4,-999.0,-999.0,-999.0,56.0,8.9,17.3,5.6,12.2,4.0,3.6,6.3,23.9,107.4,1054.4,462.7,331.9,142.0,697.3,621.0,183.8,267.0,554.1,225.6,391.2,772.1,1179.0,1005.2,-999.0,1265.1
1776,-999.0,31.1,-999.0,-999.0,-999.0,54.6,6.0,6.5,5.1,2.8,4.0,3.8,4.5,37.2,73.5,295.4,252.3,284.2,100.5,824.2,378.6,-999.0,258.1,541.8,159.0,398.0,1511.7,900.0,1936.3,-999.0,1516.0
1777,-999.0,20.1,-999.0,-999.0,-999.0,81.0,9.9,13.9,4.7,3.2,3.2,3.2,41.4,24.5,197.8,260.5,161.1,338.2,131.0,545.8,307.9,-999.0,239.3,1360.9,98.2,338.3,2274.0,1332.0,2110.4,-999.0,732.8
1778,-999.0,5.7,-999.0,-999.0,-999.0,59.2,7.6,15.3,6.7,3.0,2.9,2.7,22.4,12.7,199.2,483.0,312.8,335.3,153.6,445.1,172.5,-999.0,274.5,1815.3,155.4,-999.0,781.3,891.0,4764.3,-999.0,1979.6
1779,-999.0,18.4,-999.0,-999.0,-999.0,82.0,6.0,9.9,9.2,2.1,4.5,2.5,12.7,14.7,127.9,520.8,875.5,462.6,91.2,289.4,639.6,308.0,415.0,1151.7,258.2,-999.0,1008.5,967.5,3814.5,-999.0,347.1
1780,-999.0,15.8,-999.0,-999.0,-999.0,16.8,13.4,7.3,9.1,3.6,5.6,2.5,13.1,29.3,451.4,615.4,286.3,753.3,156.0,468.1,1123.9,238.7,1665.7,968.3,341.1,-999.0,692.6,450.0,3792.6,-999.0,715.5
1781,-999.0,16.5,-999.0,-999.0,-999.0,25.8,16.3,6.4,16.2,6.1,7.0,1.6,26.6,42.1,236.8,239.8,393.0,563.2,93.8,445.6,235.0,152.0,269.3,467.0,169.8,-999.0,1745.7,769.5,811.9,-999.0,249.8
1782,-999.0,24.0,-999.0,-999.0,-999.0,49.3,10.6,3.8,9.7,4.6,7.1,1.9,11.6,20.3,232.8,297.5,235.1,325.2,191.5,221.2,296.9,224.6,284.3,421.9,66.5,-999.0,2147.5,427.5,1384.3,-999.0,1085.2
1783,-999.0,38.3,-999.0,-999.0,-999.0,32.4,10.2,9.6,6.3,5.8,5.5,4.0,22.2,11.5,393.8,408.9,490.8,1039.1,88.6,663.3,796.9,151.9,630.5,1783.7,63.9,-999.0,1217.4,715.5,1576.7,-999.0,1978.9
1784,-999.0,24.2,-999.0,-999.0,-999.0,53.6,28.1,1.9,17.2,10.2,6.6,3.6,56.7,7.6,172.6,767.1,329.7,547.6,82.2,480.5,188.2,122.4,293.1,703.9,182.5,-999.0,1688.9,2443.5,1690.0,-999.0,926.7
1785,-999.0,18.5,93.8,-999.0,-999.0,62.7,31.5,18.9,11.2,9.2,6.9,3.4,51.7,28.5,157.8,517.7,309.1,442.7,99.5,329.7,486.0,115.4,239.1,987.5,163.7,-999.0,1087.4,589.5,-946.8,-999.0,1463.8
1786,-999.0,27.7,120.9,-999.0,-999.0,39.1,11.8,22.8,7.3,5.6,6.6,3.7,29.3,6.5,306.0,973.0,343.4,822.3,279.9,425.6,783.5,794.6,205.8,1338.1,108.2,301.9,6872.2,1165.5,-946.8,-999.0,915.4
1787,-999.0,15.5,79.0,-999.0,-999.0,80.1,16.9,34.1,12.0,4.6,11.7,3.3,22.4,12.6,135.7,583.7,235.9,440.6,98.0,262.4,778.4,105.1,168.7,600.9,70.3,114.9,951.7,1219.5,-946.8,-999.0,2401.2
1788,-999.0,11.1,105.1,-999.0,-999.0,19.8,16.1,20.3,15.9,4.7,11.1,2.4,24.9,16.4,163.4,488.1,288.6,507.7,167.1,232.7,294.7,73.9,683.0,966.7,90.7,873.5,1146.2,1030.5,978.0,-999.0,1202.6
1789,-999.0,40.1,119.8,-999.0,-999.0,52.8,16.2,6.6,14.8,7.0,6.6,6.0,50.1,55.4,407.7,371.8,293.2,1161.3,110.6,632.3,191.5,217.8,2314.2,1409.3,161.6,145.6,2149.5,351.0,1146.7,-999.0,1852.3
1790,-999.0,16.4,46.8,-999.0,-999.0,45.4,16.1,20.6,13.6,6.0,3.2,5.4,12.4,59.4,265.6,336.5,350.4,511.0,92.6,168.7,201.8,149.6,236.5,1004.6,102.6,882.7,1453.1,922.5,5539.1,-999.0,4754.7
1791,-999.0,24.2,66.4,-999.0,-999.0,56.2,16.1,4.8,11.4,4.2,3.8,4.6,17.6,35.8,260.6,311.4,336.3,472.7,53.1,-999.0,342.4,177.2,188.6,705.0,116.9,524.5,1267.4,540.0,3406.4,-999.0,1585.1
1792,-999.0,17.4,118.5,-999.0,-999.0,51.1,11.5,33.7,7.2,5.0,4.2,5.0,20.3,148.8,268.9,919.1,318.0,1177.7,142.7,446.3,503.8,261.9,245.0,606.8,253.1,2118.2,2538.7,549.0,973.0,-999.0,2361.6
1793,-999.0,13.9,56.6,-999.0,-999.0,31.8,19.5,20.6,11.4,6.8,5.3,3.4,10.7,23.9,216.3,317.0,436.6,1727.6,116.8,937.5,263.1,51.7,5995.9,748.4,247.6,1182.4,1926.2,1008.0,562.8,-999.0,2197.6
1794,-999.0,21.1,67.7,-999.0,-999.0,38.6,24.3,8.9,12.4,7.4,5.5,4.0,10.0,10.8,148.7,4033.5,616.1,1096.9,84.7,468.0,747.4,49.7,4425.4,1111.3,140.0,252.9,1275.5,841.5,-946.8,-999.0,1527.1
1795,-999.0,27.4,81.6,-999.0,-999.0,44.7,16.7,14.3,8.4,0.8,8.1,4.0,7.6,11.9,73.1,434.5,332.8,402.0,99.2,610.9,1039.9,97.8,788.3,1981.3,91.5,613.5,1557.3,499.5,-946.8,-999.0,844.3
1796,-999.0,23.9,84.6,-999.0,-999.0,30.9,14.6,17.5,7.7,3.4,7.1,3.0,7.5,17.5,240.9,596.7,360.0,405.1,83.3,693.3,884.2,95.3,229.0,713.4,78.0,622.8,961.2,1017.0,653.0,-999.0,1973.7
1797,-999.0,9.5,38.6,-999.0,-999.0,103.2,14.0,17.1,12.4,4.1,5.7,4.0,14.1,24.3,225.9,579.1,329.9,647.6,78.6,197.7,229.9,143.9,409.6,1566.8,58.0,430.2,733.8,711.0,227.6,-999.0,2600.2
1798,-999.0,17.3,49.2,-999.0,-999.0,148.5,14.1,25.7,6.1,3.1,7.0,3.6,13.9,17.6,359.5,198.8,225.1,743.7,59.0,819.3,157.1,119.7,292.1,1588.7,176.2,1451.9,1061.1,1408.5,153.1,-999.0,1411.6
1799,-999.0,22.1,73.2,-999.0,-999.0,89.2,12.9,8.6,5.0,4.4,7.1,4.2,20.9,25.8,293.8,1898.8,871.3,291.0,247.8,541.4,450.5,149.8,149.0,1032.0,108.5,848.3,3108.4,972.0,162.6,-999.0,1429.1
1800,-999.0,17.9,116.2,-999.0,-999.0,75.9,18.0,17.5,7.3,3.7,13.0,4.6,22.7,34.8,233.2,1195.3,455.3,870.1,158.0,345.0,1088.2,163.9,267.0,735.0,85.2,358.7,1251.0,963.0,135.5,-999.0,1083.4
1801,-999.0,23.8,106.8,-999.0,-999.0,32.6,17.8,48.7,10.8,4.4,12.3,4.2,30.6,31.9,462.5,324.4,239.3,360.7,257.8,355.7,754.7,199.3,351.1,513.4,91.8,499.8,843.2,274.5,192.2,-999.0,2287.2
1802,-999.0,34.4,83.3,-999.0,-999.0,24.2,29.5,8.1,14.8,3.1,7.1,3.9,27.9,48.9,176.3,592.9,259.9,530.6,169.5,203.3,120.0,86.3,289.2,780.2,117.3,460.8,3051.4,814.5,304.6,-999.0,2121.2
1803,-999.0,24.0,69.0,-999.0,-999.0,37.4,23.4,3.5,12.2,3.3,13.5,5.0,6.7,18.2,334.5,698.5,392.5,437.5,57.6,294.9,230.6,83.0,151.6,742.5,259.4,713.5,363.9,1156.5,187.7,-999.0,2306.9
1804,-999.0,11.1,58.8,-999.0,-999.0,72.9,17.6,17.0,20.1,2.9,15.7,3.9,12.9,37.5,280.3,578.4,227.6,562.2,78.0,205.3,283.8,136.7,650.8,407.9,192.1,1030.0,943.2,1305.0,210.0,-999.0,4931.3
1805,-999.0,14.9,44.4,-999.0,-999.0,47.4,15.8,17.6,20.1,3.7,15.6,6.3,19.3,38.3,260.0,508.9,264.3,252.4,546.9,419.9,1456.8,121.1,211.0,762.5,226.5,301.5,851.1,481.5,115.2,-999.0,4380.5
1806,-999.0,21.6,59.6,-999.0,-999.0,197.2,22.8,9.5,12.3,4.6,23.3,7.8,9.5,25.8,374.6,474.3,292.0,476.3,183.8,409.0,130.7,123.0,204.6,818.8,416.9,416.2,1027.9,1098.0,99.6,-999.0,1914.5
1807,-999.0,17.9,94.8,-999.0,-999.0,30.8,23.0,3.8,15.3,2.8,26.7,5.1,12.8,19.3,386.9,1574.2,873.0,763.4,160.0,2892.8,1710.5,362.7,497.8,1210.6,177.1,72.7,975.3,1530.0,309.7,-999.0,3051.7
1808,-999.0,24.5,86.9,-999.0,-999.0,186.4,31.8,6.1,14.3,4.0,12.6,5.2,14.9,49.1,227.8,1101.9,425.9,419.9,186.8,554.7,425.7,143.0,138.0,1402.9,163.9,-999.0,920.1,1395.0,743.4,-999.0,1867.8
1809,-999.0,29.1,74.9,-999.0,-999.0,27.4,15.0,17.7,17.2,10.2,5.4,5.9,20.7,24.3,518.8,270.0,197.4,239.5,165.0,1178.4,341.6,199.4,86.1,946.4,75.1,-999.0,1087.8,724.5,677.9,-999.0,2441.5
1810,-999.0,36.3,92.7,-999.0,-999.0,52.7,14.9,12.5,16.6,8.3,7.5,5.8,30.9,28.9,322.6,506.2,374.6,529.9,97.0,2348.7,924.2,122.1,226.3,657.0,75.7,-999.0,1170.5,1057.5,530.7,-999.0,2465.9
1811,-999.0,27.2,75.1,-999.0,-999.0,74.4,13.0,19.1,9.4,5.4,18.5,6.2,14.3,14.2,216.3,520.8,310.2,364.9,155.4,443.3,218.7,168.9,270.1,829.7,39.7,-999.0,2506.9,630.0,886.0,-999.0,1229.2
1812,-999.0,37.0,97.6,-999.0,-999.0,66.0,28.8,5.6,8.5,6.5,7.0,5.7,8.1,19.4,338.6,1370.2,161.6,402.6,31.7,321.9,536.3,94.2,137.5,512.0,55.2,291.6,1837.5,594.0,1241.9,-999.0,1927.4
1813,-999.0,20.9,54.2,-999.0,-999.0,21.0,13.7,25.7,6.7,6.7,8.9,5.7,9.2,42.1,393.4,285.5,232.1,540.9,91.8,1083.3,401.3,78.5,299.4,423.5,186.1,324.9,1388.2,612.0,964.5,-999.0,1365.9
1814,-999.0,20.4,65.5,-999.0,-999.0,70.6,9.4,4.7,6.6,4.0,4.2,7.7,28.6,31.2,266.9,847.2,106.5,246.8,96.7,548.9,343.4,141.0,170.3,819.0,105.1,290.0,2390.3,1120.5,586.5,-999.0,716.2
1815,-999.0,17.0,54.4,-999.0,-999.0,36.1,16.6,15.8,5.6,5.0,3.7,8.2,26.6,16.3,523.6,431.2,309.2,258.7,36.2,578.0,329.7,104.2,188.1,499.9,56.5,232.2,2200.1,495.0,473.4,-999.0,1909.0
1816,-999.0,26.7,55.5,-999.0,-999.0,28.8,15.1,2.9,8.5,6.3,4.4,6.7,4.4,11.1,310.5,419.9,306.9,444.3,125.9,1260.7,1110.6,133.7,229.6,578.8,183.1,399.9,1144.0,3969.0,737.5,-999.0,1657.9
1817,-999.0,19.5,86.2,-999.0,-999.0,41.5,7.5,27.8,10.1,7.9,5.9,3.8,12.9,23.7,293.1,379.0,309.3,352.2,134.6,866.6,317.7,132.2,126.1,928.6,104.9,1199.9,1234.1,2407.5,1337.3,-999.0,1654.3
1818,-999.0,15.8,49.2,-999.0,-999.0,26.7,5.7,15.0,7.2,10.1,5.9,3.3,12.2,18.6,407.4,285.7,548.9,272.0,164.3,744.5,410.4,143.4,311.4,627.1,76.2,1002.4,593.1,585.0,964.5,-999.0,3377.3
1819,-999.0,13.0,42.8,-999.0,-999.0,79.9,5.9,13.7,3.9,6.6,6.4,6.2,19.3,43.5,467.0,675.9,456.0,172.0,66.3,2147.7,1110.8,86.5,222.5,1067.2,163.8,676.5,492.9,1318.5,976.1,-999.0,2254.6
1820,-999.0,23.8,80.1,-999.0,-999.0,42.7,12.6,7.4,5.6,6.1,5.6,8.5,18.5,18.6,343.4,1211.7,394.7,511.5,96.9,2416.0,911.0,113.8,215.7,682.8,116.3,524.7,615.6,1908.0,1279.3,-999.0,3635.6
1821,-999.0,22.1,101.4,-999.0,-999.0,76.4,16.5,23.5,8.1,7.3,2.9,7.9,38.5,41.0,578.6,841.4,295.6,368.5,43.2,541.3,659.2,88.6,86.1,902.9,146.7,-999.0,920.7,1624.5,1335.3,-999.0,1920.4
1822,-999.0,28.5,162.1,-999.0,-999.0,50.0,13.6,31.1,18.5,7.4,7.1,9.1,36.0,28.9,505.4,633.7,369.5,529.0,86.7,791.0,348.6,240.9,108.5,887.6,63.8,-999.0,246.2,702.0,1137.9,-999.0,2123.3
1823,-999.0,29.7,100.3,-999.0,-999.0,62.6,15.9,4.4,15.9,15.3,4.4,9.4,31.3,51.8,530.1,408.0,342.8,815.0,241.8,981.4,243.0,130.7,358.2,1016.4,163.9,419.7,732.0,688.5,1558.1,-999.0,2189.2
1824,-999.0,23.5,68.7,-999.0,-999.0,26.2,6.2,54.0,19.4,18.3,4.3,7.4,34.8,38.8,539.0,426.8,211.8,293.4,92.3,863.7,380.2,261.0,444.7,1990.0,121.9,386.0,541.9,1458.0,1755.3,-999.0,3027.9
1825,-999.0,24.4,56.5,-999.0,-999.0,187.3,27.5,17.0,4.4,12.1,4.4,4.8,26.8,73.6,652.3,633.2,406.1,350.0,462.9,1418.8,180.3,89.5,221.0,505.7,147.2,464.2,1878.8,814.5,1511.8,-999.0,2105.5
1826,-999.0,23.4,71.2,-999.0,-999.0,73.9,38.3,15.7,4.7,10.8,2.3,4.5,11.6,40.2,324.0,815.8,433.2,508.7,142.0,1330.4,569.7,116.4,115.3,443.5,70.5,601.3,1225.5,1782.0,2631.8,-999.0,1453.3
1827,-999.0,10.2,60.5,-999.0,-999.0,27.9,17.0,56.0,7.4,7.5,1.9,4.3,22.0,36.3,341.8,332.5,254.7,235.7,147.7,582.3,220.3,78.3,165.2,948.6,152.3,1644.1,2895.1,2691.0,1453.5,-999.0,2653.6
1828,-999.0,9.0,98.3,-999.0,-999.0,89.2,15.1,20.2,7.5,6.7,2.3,5.6,6.1,31.6,222.1,532.6,339.4,567.8,64.9,485.8,101.8,114.0,277.2,974.4,176.2,620.6,2263.6,1998.0,981.6,-999.0,1445.6
1829,-999.0,22.0,87.8,-999.0,-999.0,78.2,25.2,13.4,10.0,7.7,3.3,5.3,21.9,32.7,167.7,757.3,243.9,849.4,96.8,562.1,460.5,396.4,368.1,1933.2,190.5,450.2,1621.3,778.5,797.5,-999.0,2732.7
1830,-999.0,12.7,89.4,-999.0,-999.0,113.8,38.0,7.7,7.9,7.9,1.6,3.7,40.6,20.2,412.1,313.3,243.0,506.2,94.2,516.3,208.6,245.2,175.0,1560.7,108.3,538.7,1533.9,1867.5,1936.8,-999.0,3257.2
1831,-999.0,42.5,82.4,-999.0,-999.0,189.1,25.5,35.0,4.1,3.8,1.0,3.5,20.7,26.1,263.6,354.5,298.9,430.9,125.0,903.6,205.1,77.5,179.5,1088.6,112.2,325.6,855.9,747.0,1835.4,-999.0,4073.6
1832,-999.0,31.2,79.7,-999.0,-999.0,170.4,18.2,24.6,8.7,4.9,1.6,5.1,50.4,32.2,345.4,461.3,403.7,246.3,51.4,1331.5,82.9,23.3,84.0,677.5,343.8,274.1,355.3,967.5,5292.5,-999.0,2921.3
1833,-999.0,28.4,277.9,-999.0,-999.0,37.1,12.8,56.9,24.9,3.0,2.7,5.4,38.9,217.6,249.4,507.4,307.9,450.5,92.2,1575.3,269.7,31.0,247.2,900.4,99.3,465.8,958.9,697.5,3270.4,-999.0,1759.5
1834,-999.0,15.5,109.1,-999.0,-999.0,28.7,13.7,70.5,11.5,3.9,3.3,8.2,14.5,298.7,187.9,999.6,433.5,458.3,165.5,292.6,1504.4,90.0,344.4,1093.3,79.3,966.7,1155.8,220.5,2572.8,-999.0,4621.8
1835,-999.0,11.1,54.9,-999.0,-999.0,748.5,11.7,24.7,8.5,5.9,4.8,7.2,16.3,30.2,453.0,478.6,292.9,626.4,64.3,716.3,553.2,125.4,298.6,2202.4,163.8,1094.1,674.0,418.5,1270.5,-999.0,3132.5
1836,-999.0,13.2,71.0,-999.0,-999.0,53.1,16.8,18.1,10.4,7.2,2.2,11.9,10.8,18.4,254.2,222.8,297.0,196.4,128.6,1676.1,338.3,176.8,158.4,1598.5,318.2,360.8,2009.4,1368.0,735.8,-999.0,1602.6
1837,-999.0,11.9,75.5,-999.0,-999.0,22.4,26.1,11.7,11.1,11.9,2.6,11.7,4.8,29.8,531.1,1616.0,609.9,1022.5,230.8,2410.7,1661.3,146.3,572.5,2527.6,889.0,953.9,1758.7,630.0,776.5,-999.0,4294.4
1838,-999.0,19.3,125.4,-999.0,-999.0,82.5,22.6,12.7,8.2,8.0,5.0,7.4,13.2,29.7,427.3,651.9,380.2,597.1,86.7,933.6,323.9,229.2,341.6,1456.2,288.2,616.1,1998.8,864.0,1837.7,-999.0,3311.9
1839,-999.0,12.3,61.5,-999.0,-999.0,139.3,20.4,17.2,3.2,7.0,3.0,7.7,15.9,19.5,352.1,927.3,385.0,948.1,223.6,1128.0,1006.3,127.2,397.5,771.2,128.9,1008.6,2144.3,1404.0,1259.1,-999.0,1952.6
1840,-999.0,9.9,43.9,-999.0,-999.0,25.3,18.8,14.8,4.1,5.3,2.5,4.9,14.3,11.2,627.2,460.0,266.2,239.5,72.5,747.8,2201.8,86.2,166.3,1415.3,90.9,384.2,2055.3,436.5,722.3,-999.0,2564.0
1841,-999.0,52.7,252.4,-999.0,-999.0,44.2,26.6,38.4,8.1,6.0,2.0,6.9,38.2,13.7,382.7,561.8,358.4,260.2,99.6,3922.6,569.7,221.0,966.5,1190.4,104.9,638.7,909.4,877.5,1946.7,-999.0,3663.2
1842,-999.0,14.1,92.8,-999.0,-999.0,76.2,11.8,16.3,5.1,6.8,5.8,8.9,26.5,43.8,235.2,562.5,431.3,571.1,117.3,1460.1,906.7,68.9,487.4,1654.0,95.5,428.8,1258.2,1426.5,1527.3,-999.0,4778.7
1843,-999.0,11.1,52.5,-999.0,-999.0,36.6,23.8,10.5,5.3,6.9,4.0,8.5,8.0,36.2,225.8,353.1,330.0,418.7,680.0,692.4,1729.2,859.1,159.3,856.6,282.6,267.4,2360.0,1192.5,2817.7,-999.0,2700.0
1844,-999.0,8.3,29.7,-999.0,-999.0,17.5,19.0,23.9,6.9,10.0,4.6,6.0,3.9,12.9,101.8,646.7,316.1,597.1,374.8,710.4,595.3,182.2,175.8,788.8,385.3,620.2,830.5,562.5,1912.1,-999.0,-999.0
1845,-999.0,13.3,54.0,-999.0,-999.0,28.7,28.8,9.0,4.3,8.5,2.4,5.5,14.6,13.6,235.8,322.3,286.0,343.2,252.6,424.7,69.6,114.4,456.5,1264.2,175.8,335.3,2303.2,864.0,1229.1,-999.0,4228.9
1846,-999.0,12.0,124.8,-999.0,-999.0,32.4,24.5,10.0,3.4,8.8,3.0,5.9,8.4,27.2,235.3,399.1,341.6,620.1,267.5,903.1,994.6,124.7,234.6,1386.7,156.2,478.7,3369.7,2722.5,2440.0,-999.0,4613.6
1847,-999.0,20.1,61.4,-999.0,-999.0,91.3,22.3,23.7,2.9,3.1,2.2,5.7,13.9,15.8,260.5,611.3,326.8,433.0,153.0,1686.8,257.3,163.6,275.0,1778.2,106.8,903.0,1198.4,562.5,2916.3,-999.0,3452.2
1848,-999.0,21.3,59.4,-999.0,-999.0,64.2,12.9,7.6,4.7,3.8,1.9,4.9,22.2,114.2,345.8,373.8,361.2,398.5,89.5,986.3,540.5,99.6,253.1,1056.9,99.6,590.8,2499.6,1147.5,3438.7,-999.0,2080.8
1849,-999.0,21.4,155.6,-999.0,-999.0,56.7,10.9,9.3,4.0,3.1,1.7,3.0,21.4,18.7,308.7,558.3,326.2,662.6,73.3,1932.3,655.6,86.8,227.7,3346.7,179.1,501.0,3962.2,1260.0,2569.8,-999.0,2316.7
1850,-999.0,18.9,88.3,-999.0,-999.0,74.1,9.8,24.3,9.0,3.0,7.2,2.7,6.6,16.4,139.3,763.2,255.8,282.3,78.4,781.9,380.9,153.2,172.5,1537.2,111.5,246.6,2149.8,846.0,2525.8,142.1,2116.2
1851,-999.0,16.4,71.9,-999.0,-999.0,49.8,7.2,11.6,6.6,9.5,4.7,3.6,11.2,28.4,321.7,331.8,325.3,416.4,141.2,869.9,147.6,185.5,182.8,886.3,85.6,526.1,704.1,922.5,2506.0,268.7,1070.3
1852,-999.0,16.8,57.7,-999.0,-999.0,67.9,11.9,9.9,9.8,9.4,2.2,4.9,9.1,16.7,326.2,523.4,284.0,330.4,179.5,834.2,324.9,243.0,248.5,1817.9,145.7,434.9,589.2,1287.0,2014.1,244.0,1068.6
1853,-999.0,11.9,93.5,-999.0,-999.0,40.8,14.4,13.2,15.8,6.2,4.3,6.5,6.8,18.4,348.5,719.1,484.7,3827.7,63.3,521.6,387.8,222.8,243.6,849.8,84.9,750.0,826.3,1917.0,3155.9,206.3,2188.3
1854,-999.0,22.4,70.5,-999.0,58.9,57.1,10.5,10.2,6.3,5.4,4.7,6.5,17.9,28.3,359.0,3653.7,553.5,679.1,103.0,906.1,819.0,217.2,220.4,2105.1,49.2,1275.1,451.2,1723.5,3709.7,126.0,1179.1
1855,-999.0,24.0,51.8,-999.0,60.1,27.0,6.8,11.1,3.9,6.9,3.6,5.7,31.2,31.2,384.7,608.3,306.2,644.7,35.5,1003.8,234.7,215.8,119.1,1146.6,129.1,549.1,689.5,1363.5,3269.3,124.8,1149.9
1856,-999.0,8.1,24.9,-999.0,129.9,74.3,13.0,13.8,3.3,10.4,5.0,3.5,15.3,19.6,528.5,382.6,261.4,524.1,123.8,835.0,592.4,399.7,232.2,774.5,93.7,386.4,1106.0,1737.0,2798.7,175.7,1611.7
1857,-999.0,12.2,56.0,-999.0,57.6,59.2,7.2,7.9,8.6,7.1,6.8,4.2,9.8,14.6,394.8,430.3,201.6,815.3,59.1,592.5,303.5,75.2,209.0,1797.9,84.0,1297.8,564.2,288.0,3322.3,203.3,1794.3
1858,-999.0,24.2,42.8,-999.0,53.5,112.1,12.1,28.6,6.7,7.2,3.9,5.0,23.0,30.4,154.4,329.4,208.9,440.5,18.2,567.8,322.0,53.4,214.4,1751.4,108.5,702.9,312.1,310.5,3741.4,137.7,886.3
1859,-999.0,21.6,50.3,-999.0,33.8,70.4,16.9,11.4,6.1,6.2,2.8,4.6,32.8,37.8,133.4,351.9,320.8,531.2,45.4,1238.2,731.6,415.5,245.6,704.4,66.1,575.9,565.5,1210.5,3273.9,242.8,966.7
1860,-999.0,10.9,66.3,-999.0,24.1,86.0,17.4,7.4,5.7,5.0,3.6,3.8,13.7,13.7,183.3,393.7,426.7,569.0,236.2,643.4,473.0,398.1,937.9,1544.4,64.3,785.9,736.6,589.5,2901.4,229.0,1347.9
1861,-999.0,11.0,30.5,-999.0,73.2,40.3,25.3,6.3,9.0,6.6,3.8,4.8,19.9,35.7,369.2,484.4,247.2,518.9,225.0,628.8,1168.4,174.8,217.5,2720.5,72.3,130.9,1683.0,562.5,5194.2,124.4,2775.3
1862,-999.0,30.0,95.1,-999.0,51.4,72.8,12.4,4.4,8.0,3.9,4.1,4.6,7.9,11.4,302.3,508.8,340.8,612.3,376.5,788.1,466.1,130.4,1049.7,579.8,244.1,356.6,2187.5,765.0,-999.0,162.3,1761.8
1863,-999.0,16.3,60.7,-999.0,118.2,110.9,7.1,12.7,9.9,3.2,3.0,3.5,18.6,51.7,320.4,6067.6,688.2,655.1,140.8,1399.4,911.7,194.4,436.3,575.7,160.3,626.6,2313.0,544.5,3164.4,174.1,1810.8
1864,-999.0,20.7,60.1,-999.0,103.2,50.3,8.6,7.5,5.8,3.2,3.4,5.0,26.0,24.1,166.2,1499.2,723.9,656.7,151.1,7520.3,1245.8,361.3,404.1,664.9,151.1,3431.1,2613.6,612.0,4189.7,1703.1,6758.1
1865,-999.0,13.3,89.0,-999.0,46.2,51.8,11.5,26.0,15.8,5.7,3.5,4.0,7.4,20.3,656.5,329.5,227.1,514.1,174.2,3014.1,272.9,234.4,333.8,1018.7,152.2,-999.0,826.6,1206.0,2540.5,288.6,1996.3
1866,85.5,12.4,38.3,-999.0,30.8,-999.0,25.6,22.5,6.7,11.4,3.0,3.6,25.4,15.5,432.1,723.0,277.3,534.5,162.6,610.3,379.9,379.1,212.0,1167.8,46.9,-999.0,1314.0,1692.0,2921.2,260.8,4069.9
1867,62.0,11.5,60.8,-999.0,12.7,69.2,21.2,4.5,5.3,8.7,1.6,5.3,7.2,17.6,470.7,441.7,463.0,436.4,474.3,670.3,372.0,170.2,206.7,1805.2,43.8,726.6,1009.7,994.5,3680.5,352.1,3422.0
1868,59.2,14.8,39.2,-999.0,79.0,34.4,20.8,6.5,3.2,8.3,5.5,7.9,17.0,16.2,601.9,3520.4,1311.8,313.3,420.6,1240.3,1169.1,389.8,166.7,1705.3,213.4,605.1,1090.0,445.5,3155.6,233.6,2272.4
1869,43.5,22.7,65.2,-999.0,119.2,128.6,14.8,6.0,2.4,4.5,8.6,11.3,5.8,21.0,362.1,705.6,490.5,596.9,208.2,1086.2,888.8,157.9,424.7,2376.9,239.1,493.5,935.8,864.0,4360.5,321.0,2878.8
1870,50.2,24.7,64.3,-999.0,32.7,139.0,28.0,11.8,5.4,5.5,6.4,9.5,3.2,12.1,119.6,712.2,518.1,756.7,288.8,1028.0,753.2,682.8,454.5,722.6,217.8,1844.3,914.1,1656.0,3348.7,242.4,2149.4
1871,155.6,23.1,59.6,-999.0,41.9,51.6,20.8,8.4,2.8,3.1,3.1,5.1,9.7,14.5,99.6,523.5,503.5,551.2,249.3,599.7,611.5,201.8,403.0,1247.3,89.2,936.9,1552.6,1219.5,3909.0,305.5,6960.2
1872,107.4,25.0,77.4,-999.0,37.0,53.4,8.0,40.0,7.0,4.6,1.6,3.9,16.7,36.3,445.3,1167.2,564.7,500.8,96.1,1244.9,536.2,226.6,352.2,463.8,136.6,603.3,4473.2,688.5,3720.0,440.8,4648.0
1873,47.0,25.2,88.1,-999.0,49.9,38.4,22.9,23.8,10.7,3.6,3.8,5.8,10.7,18.6,126.7,690.4,250.8,303.2,403.7,546.9,657.3,71.1,146.0,898.0,86.3,368.4,687.7,1791.0,3503.0,794.5,1843.8
1874,68.4,13.1,84.5,-999.0,33.4,83.9,27.4,1.1,7.7,3.1,4.2,5.9,3.7,16.8,164.9,608.3,229.5,360.9,162.7,772.3,314.8,104.0,324.9,2250.7,314.7,427.3,727.2,1890.0,4663.8,151.7,2392.2
1875,75.3,3.7,73.5,-999.0,71.5,100.6,15.0,0.8,7.3,5.8,2.8,10.0,9.3,44.6,268.0,555.9,319.5,437.4,978.1,2394.6,744.0,329.4,425.0,961.3,159.1,234.8,1257.0,913.5,2505.6,191.8,2018.8
1876,74.3,25.5,137.5,-999.0,45.9,70.2,7.3,1.3,10.2,5.2,2.2,10.2,51.4,18.7,140.8,459.6,263.3,312.6,222.9,556.5,489.9,126.8,828.5,956.0,210.6,500.7,553.8,3195.0,2312.4,154.4,2211.3
1877,67.0,17.0,93.3,-999.0,61.9,63.4,6.1,25.0,20.5,2.4,2.1,11.0,33.7,20.0,184.1,463.1,209.7,420.0,211.0,1308.8,435.5,121.8,352.0,854.6,70.5,505.1,705.6,2277.0,927.4,104.0,2323.8
1878,93.5,41.9,145.2,-999.0,42.7,58.7,8.0,23.0,14.5,5.9,4.9,10.4,11.7,22.3,314.9,903.8,509.6,606.6,209.0,763.8,1111.2,119.3,485.1,992.4,54.8,583.7,704.7,1080.0,1610.8,94.6,3091.2
1879,62.6,43.1,122.7,-999.0,28.9,48.4,14.3,8.3,7.2,10.9,2.8,8.6,17.9,204.1,89.5,760.6,491.6,666.6,160.3,840.8,636.3,111.8,277.8,635.6,158.4,332.7,740.4,3546.0,3193.8,109.8,3959.1
1880,53.9,18.3,42.6,-999.0,72.0,39.7,12.1,15.1,6.0,4.7,4.3,5.9,40.6,23.2,390.9,660.9,335.7,611.5,241.3,915.5,1059.9,179.8,1435.2,405.2,97.4,1184.1,1607.7,2371.5,6191.2,225.9,2703.6
1881,103.1,28.3,110.3,-999.0,58.8,61.2,8.9,29.3,9.9,4.6,4.2,6.4,24.2,17.3,477.2,1031.5,434.5,816.8,323.2,505.2,1386.2,186.6,636.7,694.7,70.8,319.3,820.5,1044.0,4319.3,271.9,1435.1
1882,65.2,26.4,80.8,-999.0,30.6,104.7,6.6,27.6,5.4,6.9,4.7,6.6,37.8,19.4,186.3,346.5,376.3,427.2,145.3,835.1,720.2,130.9,332.5,2196.9,207.4,1204.7,2320.2,2691.0,4166.7,304.8,1824.9
1883,60.1,94.4,118.0,-999.0,19.8,84.5,11.9,11.5,7.2,4.1,1.5,4.1,30.3,14.0,421.4,786.2,516.6,1050.2,285.3,1087.0,814.5,182.0,362.1,928.8,71.5,682.2,1255.3,1552.5,4854.6,324.8,3126.8
1884,52.3,11.5,42.5,-999.0,33.9,33.6,6.7,8.5,5.2,3.8,1.9,7.6,27.3,23.8,167.4,480.0,270.0,885.9,387.6,1325.7,1048.9,237.9,239.2,1946.7,58.3,1385.9,1847.4,3145.5,5001.5,420.4,3771.7
1885,82.7,11.6,70.9,-999.0,90.1,17.3,4.0,49.4,9.2,6.2,3.2,10.0,4.9,6.9,156.1,803.0,706.8,826.5,554.6,1117.4,497.1,128.4,597.0,2463.9,85.9,1292.8,577.2,1953.0,5681.4,467.8,3576.8
1886,65.0,20.2,33.4,-999.0,38.6,41.7,8.9,4.3,13.7,22.0,3.4,9.8,19.4,12.8,191.7,1012.0,457.4,766.0,476.1,1073.1,2054.2,154.7,790.4,1301.0,73.1,1078.6,1307.9,486.0,9177.1,584.2,2412.2
1887,70.2,28.6,72.4,-999.0,72.9,45.1,11.9,17.1,11.8,11.9,3.3,6.9,60.4,30.4,149.9,733.8,451.3,413.7,500.5,2280.0,766.1,338.5,576.7,2045.6,107.2,375.5,874.4,1827.0,8932.9,334.1,3128.7
1888,89.1,37.8,100.2,-999.0,51.9,65.6,15.5,2.8,10.1,5.8,4.5,5.0,23.4,10.2,163.8,483.1,303.4,1162.9,62.1,769.9,1163.5,177.0,248.4,1811.9,144.4,690.3,386.9,1215.0,6914.8,594.0,2543.1
1889,62.5,20.2,47.1,-999.0,100.3,89.3,7.7,21.4,9.9,6.3,2.7,5.2,18.5,40.8,468.1,3801.3,1179.4,612.4,225.4,1393.8,2305.1,175.4,392.8,2649.8,292.7,2087.2,1369.4,396.0,7170.7,228.9,5268.3
1890,140.4,17.9,85.8,-999.0,69.2,56.7,6.3,19.5,14.4,3.4,1.9,3.9,8.0,21.3,146.5,594.9,414.7,768.0,158.2,428.2,778.4,193.4,213.9,1378.1,223.5,392.3,1492.8,2691.0,7973.6,252.1,2813.5
1891,57.1,19.5,81.3,-999.0,48.8,92.9,5.6,10.5,5.4,4.7,6.4,3.8,10.9,21.8,206.6,1968.6,702.1,467.5,176.1,1118.4,4026.4,86.0,387.8,617.4,220.0,1655.4,1109.2,2583.0,5774.2,108.4,2885.9
1892,216.2,19.2,139.8,-999.0,98.7,163.8,7.4,10.2,5.6,10.4,7.6,4.8,11.7,23.0,558.5,1374.6,551.4,904.3,392.4,576.1,1608.5,134.6,374.6,2644.7,156.8,924.8,1390.9,958.5,4515.6,221.9,3595.6
1893,73.3,19.7,78.4,-999.0,21.9,420.8,15.5,7.5,5.6,8.8,4.6,6.3,27.0,47.0,636.8,1172.9,625.7,1130.4,444.9,1781.8,5307.4,202.1,817.0,1568.5,409.5,373.5,892.9,351.0,4704.9,234.4,1801.6
1894,82.4,11.9,50.8,-999.0,45.2,280.1,8.0,14.0,9.0,8.3,5.1,5.3,36.8,18.3,231.0,1391.9,655.1,3013.5,523.6,822.6,2575.0,152.5,351.5,2283.5,335.9,-999.0,776.1,468.0,3520.0,164.5,3075.9
1895,80.7,16.4,64.6,-999.0,57.0,51.9,5.9,20.9,11.0,2.7,3.6,2.9,31.9,8.6,361.9,3020.7,749.1,1304.8,335.1,1676.7,1681.8,293.3,1541.9,3287.8,111.1,957.7,1496.1,1557.0,2024.3,154.6,5616.7
1896,61.3,12.5,72.4,-999.0,64.8,67.0,6.2,14.2,10.4,3.1,4.1,2.1,9.9,9.6,520.5,1148.4,561.9,520.9,119.1,1180.3,1069.3,416.6,561.0,3947.4,139.8,913.9,1488.0,2056.5,1922.9,282.3,2782.2
1897,38.7,11.3,34.9,-999.0,88.6,55.7,16.3,9.1,10.1,8.4,4.1,3.0,40.6,28.2,441.6,809.8,489.5,536.1,406.6,2278.2,2125.7,149.5,318.6,2336.2,236.7,665.2,670.7,3024.0,4659.3,318.7,5518.1
1898,62.2,54.2,91.0,-999.0,81.4,117.5,16.1,10.4,13.7,8.6,4.9,3.1,23.8,78.3,476.6,894.7,715.3,698.2,262.5,685.3,1756.3,160.0,487.5,2255.1,223.2,1119.3,971.5,1476.0,3567.3,197.3,6664.4
1899,36.7,17.0,53.4,-999.0,55.2,91.5,6.8,8.4,28.4,17.3,5.0,3.0,10.1,41.5,314.9,872.1,354.8,937.4,240.4,1609.8,926.7,128.5,397.8,566.0,164.7,768.8,1919.1,3663.0,6686.1,555.3,3518.7
1900,52.8,18.3,103.3,-999.0,62.5,31.4,5.5,4.6,18.1,12.9,4.0,4.1,1.2,5.9,288.3,1084.2,763.5,525.7,389.6,847.0,641.7,209.9,505.6,811.2,183.1,722.2,553.0,1462.5,7658.1,219.3,4169.8
1901,49.9,21.0,95.8,-999.0,60.6,140.6,3.8,8.6,11.1,13.8,3.3,3.9,6.4,10.7,524.9,2083.4,649.6,310.0,196.6,3017.8,732.2,325.2,277.1,2954.2,180.5,327.6,1579.5,1885.5,6742.1,193.5,2985.5
1902,51.3,38.7,179.4,-999.0,93.3,66.0,7.9,12.4,8.4,11.5,2.7,3.9,18.7,27.0,582.9,2687.4,562.0,470.3,299.2,444.3,1932.1,367.3,578.9,2253.6,228.5,1389.3,2275.7,1759.5,7371.4,225.0,3261.1
1903,64.0,16.1,189.1,-999.0,46.4,60.1,8.3,11.5,9.5,6.7,2.9,3.7,17.5,14.9,374.5,856.0,451.3,1012.5,297.0,521.6,2554.1,244.6,390.4,798.8,160.2,872.2,1154.6,3298.5,9643.7,255.0,7582.5
1904,57.2,20.2,71.9,-999.0,43.9,6.0,18.1,11.4,14.0,5.4,2.3,2.8,29.9,35.0,784.7,2027.3,756.7,712.1,448.7,702.4,4041.3,281.7,674.4,2083.2,264.1,2868.4,2492.2,2007.0,9696.1,452.0,2442.7
1905,52.2,9.6,53.5,-999.0,23.9,98.6,8.8,8.2,16.2,5.2,2.7,2.8,32.0,13.5,790.1,2138.5,883.1,1013.7,506.7,2037.0,7490.4,731.4,906.9,1252.5,156.5,1247.3,3228.7,2452.5,8362.9,156.4,4230.7
1906,78.1,6.0,47.2,-999.0,42.3,146.6,8.7,15.3,14.9,5.6,3.6,2.6,24.6,15.6,1435.3,1467.3,618.2,911.2,277.4,1009.8,5100.2,526.8,615.5,1241.2,150.1,1479.5,3617.5,5310.0,5046.1,212.0,5434.6
1907,45.7,11.0,47.4,-999.0,55.6,44.6,9.5,62.0,18.3,6.7,3.8,2.9,34.3,27.8,280.8,1814.7,668.3,1172.8,100.1,1800.4,812.2,371.7,866.6,2227.7,78.4,619.9,1336.5,1629.0,5134.4,475.4,3118.9
1908,83.1,28.6,57.1,-999.0,70.1,96.0,9.7,12.6,17.7,7.7,4.3,3.0,47.1,22.0,269.8,4690.4,1910.0,1340.0,305.2,1538.7,5115.9,270.9,575.5,1024.6,380.7,2478.6,3749.5,4347.0,9049.4,981.0,3556.3
1909,86.9,6.6,52.2,-999.0,111.2,78.9,15.2,19.9,8.8,4.2,7.1,3.4,9.7,27.6,295.0,1584.0,796.0,2149.0,433.1,2130.0,3904.0,-999.0,1093.7,1016.3,117.8,669.7,1267.0,1903.5,18025.3,379.6,10145.6
1910,66.7,20.4,99.3,-999.0,63.0,145.1,22.9,7.0,10.6,7.4,6.6,3.7,14.8,90.3,832.2,2695.1,1420.8,1298.5,357.4,1134.3,3013.9,281.9,694.7,2015.6,120.9,1107.1,3418.8,1854.0,19669.5,1313.7,11567.0
1911,50.7,21.3,79.4,-999.0,50.6,92.6,13.8,4.5,11.2,9.0,7.9,3.7,12.4,21.3,142.8,1412.9,886.9,1397.2,444.6,1259.7,5345.2,478.1,573.3,2001.0,265.0,816.6,6799.0,2430.0,10714.2,1711.6,4962.6
1912,67.3,20.9,60.9,-999.0,30.0,86.6,8.2,5.2,14.9,12.8,6.1,3.5,24.1,14.9,97.3,1300.0,651.9,1391.6,898.1,1118.0,3374.3,410.2,1517.3,2492.9,424.1,1057.6,4531.1,6529.5,4256.5,924.5,4854.3
1913,31.5,18.8,226.7,-999.0,29.8,134.4,10.0,11.1,13.2,14.4,4.0,6.3,14.8,21.5,318.0,1253.0,1358.3,1561.1,450.6,1845.5,2609.9,701.7,483.7,1314.9,354.5,844.2,5387.0,7218.0,8420.4,280.9,7442.2
1914,49.2,13.1,65.4,-999.0,62.4,150.9,8.2,12.9,12.4,12.3,6.0,6.7,11.5,15.5,475.8,277.6,810.5,1119.3,1017.6,2648.9,4912.6,134.5,406.5,2578.3,262.1,520.0,1119.8,1903.5,5311.0,340.5,1939.7
1915,72.2,12.6,75.1,-999.0,54.0,66.6,8.5,12.5,13.8,8.7,6.6,6.3,9.7,11.4,556.5,1341.8,1185.2,602.8,321.4,1118.2,7688.4,391.9,846.9,1590.8,246.7,1023.7,861.6,4176.0,10776.7,558.4,2500.4
1916,85.9,27.7,114.0,-999.0,90.0,168.4,12.9,28.9,18.5,5.8,14.1,8.1,25.6,25.8,470.2,1995.5,1277.7,1101.9,392.4,2408.0,2786.7,460.8,2070.8,3026.9,142.8,1339.9,5268.8,7722.0,10191.4,186.6,2333.2
1917,63.9,33.8,78.8,124.1,49.6,114.5,13.0,17.6,11.9,9.0,12.1,10.1,21.4,35.7,648.8,3012.9,1189.3,1126.6,420.6,2962.9,1824.6,619.4,1065.5,2182.6,174.1,1414.8,2273.8,6763.5,6924.1,428.8,2714.5
1918,65.8,40.5,83.9,94.5,97.8,92.1,20.0,6.2,24.8,11.7,3.3,6.9,23.9,34.2,501.1,1088.8,578.9,2226.0,279.2,904.3,1508.0,622.7,1082.1,3187.7,389.5,741.7,1893.1,2493.0,10923.0,657.2,1568.9
1919,124.8,34.8,174.2,104.5,92.9,103.3,17.2,19.5,24.1,4.5,9.4,7.6,19.5,23.1,250.7,958.4,601.5,1207.9,1192.7,1939.1,5600.2,327.7,699.6,2185.3,340.0,2263.8,2721.6,5566.5,4520.0,538.2,2647.7
1920,169.1,15.8,132.8,80.9,63.4,81.6,18.4,28.2,19.0,8.6,6.0,6.2,13.8,50.0,220.7,1200.4,794.9,1361.0,977.0,1710.1,2757.3,464.2,681.7,5079.9,239.3,1668.7,1625.5,3640.5,10808.3,394.2,4457.1
1921,78.0,18.5,78.3,111.1,110.5,236.0,10.5,25.8,20.4,5.6,3.4,6.2,38.2,20.7,249.5,933.6,823.4,969.3,183.1,1826.9,2000.0,328.3,405.2,2218.9,145.4,3043.8,2884.9,3285.0,4778.8,561.9,5312.3
1922,85.8,15.4,71.0,106.3,70.9,71.9,12.9,10.3,17.5,4.3,3.0,3.3,45.0,24.9,589.8,1199.3,1020.4,1080.5,441.9,1099.9,1231.7,317.5,522.9,1773.1,96.4,-999.0,1235.1,4108.5,2124.4,465.5,3710.3
1923,51.5,18.9,65.3,76.2,103.0,145.5,30.7,14.5,20.3,4.6,7.3,6.1,29.5,24.4,423.2,1885.5,1189.2,1483.6,420.6,674.3,2056.3,191.6,903.0,3452.4,91.4,2928.0,1933.5,2533.5,5456.2,444.0,6700.6
1924,107.0,12.3,172.0,107.6,103.1,328.3,44.7,20.7,11.9,4.1,7.3,6.6,45.6,27.0,958.6,1166.4,1324.0,1285.7,289.9,900.1,4157.1,280.9,1232.2,1718.7,68.2,1095.0,3031.9,1822.5,3451.0,183.6,5053.6
1925,56.8,11.8,47.9,49.6,35.0,57.8,30.5,20.2,17.3,4.1,7.1,6.6,17.5,18.6,150.1,1268.4,847.4,1077.4,590.3,1852.0,2741.8,647.6,1318.0,1046.3,54.8,839.9,2627.9,1471.5,3159.7,434.5,2057.6
1926,96.1,46.8,96.5,50.1,53.7,236.4,18.7,17.8,22.7,7.9,9.8,3.7,21.5,14.9,872.2,703.2,783.1,908.9,491.3,2237.6,1415.1,597.6,687.9,1715.6,100.7,1746.6,1900.3,4747.5,4034.5,592.1,1881.6
1927,90.8,25.8,151.9,36.7,90.5,73.6,26.6,12.7,11.4,5.4,8.0,4.1,11.0,63.8,458.8,1274.2,802.3,1374.0,385.1,744.6,3213.8,572.0,572.2,1605.8,168.8,1214.6,410.6,2497.5,3701.7,373.9,2423.1
1928,51.3,12.8,58.3,90.8,38.2,118.8,20.0,4.0,10.5,6.1,6.8,3.3,45.7,10.9,440.1,1454.9,705.4,1585.4,453.3,1522.0,1801.8,903.1,842.1,1414.8,144.3,-999.0,3058.2,3226.5,2555.6,243.4,2740.7
1929,49.3,14.6,67.8,61.1,71.1,129.1,19.4,13.0,13.9,6.8,7.9,3.5,20.4,17.9,339.6,983.0,1072.2,1366.1,674.5,1670.8,4213.7,238.2,786.8,761.7,202.0,-999.0,975.9,954.0,4964.0,164.2,3269.5
1930,45.4,14.7,82.6,58.5,38.2,63.3,42.1,3.6,13.1,6.7,7.0,3.3,17.8,66.2,219.7,1181.5,830.9,789.1,388.0,580.9,2611.0,121.5,591.1,2362.7,64.6,-999.0,1028.9,3973.5,8247.5,118.3,1990.9
1931,76.0,34.9,61.2,51.9,62.0,59.8,6.0,9.2,7.9,12.5,7.4,3.1,31.4,34.0,353.6,1141.8,776.4,706.6,309.6,1130.0,962.5,195.5,526.6,1306.8,104.3,883.8,2516.4,1575.0,6629.1,459.3,4452.3
1932,35.0,17.9,52.2,42.9,43.7,107.1,8.8,7.6,11.8,8.4,9.3,5.7,9.3,68.4,166.0,1601.8,704.3,743.6,450.9,441.7,2100.0,751.0,586.5,2699.0,118.1,669.1,2618.4,2218.5,2537.8,223.3,1764.7
1933,76.7,40.3,134.6,102.7,79.1,163.4,11.9,13.2,10.4,5.0,18.4,7.1,46.1,31.8,212.9,740.1,620.4,724.6,401.1,895.9,2963.6,436.3,370.8,1923.1,293.2,3092.9,2099.6,7200.0,3419.4,252.2,1522.8
1934,69.9,21.6,87.3,57.7,78.6,59.2,10.3,12.0,12.1,9.6,19.1,8.6,21.0,141.1,494.8,1756.4,666.3,2057.1,573.8,616.2,1348.4,525.3,1931.3,3366.3,280.6,-999.0,1697.2,1237.5,1442.4,234.7,3774.9
1935,52.6,18.0,74.7,70.8,76.5,43.4,8.7,32.7,10.6,4.0,15.0,10.2,8.8,11.4,448.0,738.0,946.6,1010.5,523.9,656.5,1393.2,337.3,779.6,1547.0,132.3,-999.0,2235.3,2884.5,4878.3,372.9,2138.6
1936,56.6,17.2,48.7,57.7,51.7,165.0,9.6,23.0,11.4,1.5,8.3,8.5,26.2,68.6,373.3,2103.9,556.9,1373.6,348.9,1049.5,2161.6,266.8,477.8,3139.2,140.4,-999.0,4832.3,7618.5,2143.1,375.9,11690.3
1937,48.4,10.5,107.6,43.5,55.0,119.6,7.0,23.0,6.2,5.0,6.6,8.0,38.9,108.0,217.8,1301.6,812.0,716.9,459.1,1168.2,1550.4,77.0,337.6,2452.0,369.4,-999.0,2661.5,4486.5,1502.8,242.5,11508.9
1938,90.3,22.5,146.4,81.7,71.5,88.2,8.0,17.2,7.6,5.0,5.8,5.7,35.4,25.7,599.4,1019.7,434.5,816.3,545.6,439.8,1197.3,267.6,362.2,1110.4,377.0,571.7,2052.7,3726.0,3766.5,352.2,1655.3
1939,46.7,17.3,47.6,57.8,50.6,78.7,24.2,10.0,9.8,2.1,5.6,5.8,18.3,29.2,602.8,1242.5,798.4,2352.2,358.3,569.9,1323.1,225.3,529.2,1968.9,120.9,1023.5,4528.3,6354.0,14366.3,395.1,3226.0
1940,94.3,22.9,88.8,74.4,89.4,67.8,13.4,8.7,19.3,2.8,4.4,7.4,32.0,19.1,358.1,1339.4,453.9,699.1,394.3,526.8,3157.6,537.3,295.8,963.1,165.2,574.3,2279.5,3505.5,10085.7,166.8,1667.5
1941,148.6,79.0,66.1,133.5,50.4,36.3,22.2,26.5,15.1,4.4,5.7,5.7,27.6,17.0,1481.9,1077.6,827.6,835.7,270.5,676.1,1388.5,683.8,702.3,1120.2,257.2,-999.0,3360.1,2551.5,9620.3,125.2,5916.2
1942,97.3,32.1,52.2,99.4,58.0,53.0,20.7,10.6,9.4,4.5,7.2,6.0,13.6,28.3,755.7,3109.7,621.6,790.2,263.5,1366.5,2930.4,410.5,1026.4,1191.6,190.5,-999.0,1948.9,6421.5,5116.2,285.7,15580.2
1943,53.0,13.2,99.3,97.4,89.5,31.2,22.5,13.8,7.1,3.2,5.4,6.3,7.6,19.6,551.4,1789.6,994.6,1027.5,497.9,993.2,1631.2,274.0,459.1,2740.6,196.7,371.0,1350.3,909.0,3948.5,376.6,1110.2
1944,66.8,30.7,200.9,164.3,57.9,209.2,16.3,4.6,8.6,3.1,6.0,6.4,19.6,20.6,428.4,2312.9,613.0,1254.4,664.5,889.1,2716.9,559.9,752.2,2204.8,129.6,584.1,3856.6,1287.0,2432.8,1970.5,2854.3
1945,154.6,22.1,112.0,123.5,101.0,131.7,25.2,1.7,13.7,2.9,7.5,4.2,11.7,23.9,895.6,2121.3,602.6,897.6,864.2,1420.0,1518.1,605.7,438.0,2266.7,66.4,1057.3,1029.2,6997.5,3251.9,123.7,2108.1
1946,39.6,49.2,47.3,42.0,25.6,76.7,13.8,8.2,9.8,7.9,6.5,4.4,6.7,25.8,271.7,1822.5,586.4,951.2,408.4,1474.2,5178.2,805.6,498.8,2331.2,67.9,1583.8,3277.0,2421.0,6637.2,321.6,10605.6
1947,36.8,33.4,42.2,82.2,66.0,66.9,14.0,11.8,10.6,4.1,6.7,3.5,15.0,15.6,515.9,997.9,812.3,1471.9,201.7,2169.1,1697.9,361.9,933.0,1334.2,189.8,1227.2,1456.8,3298.5,5487.7,146.6,1296.6
1948,42.3,10.8,69.5,89.2,48.4,106.6,14.3,5.0,9.9,5.8,6.8,5.2,20.2,24.3,495.7,1437.7,661.4,1102.5,340.1,1060.4,1391.9,263.9,567.1,2466.0,163.6,496.5,3333.0,4266.0,5088.6,334.7,4312.5
1949,57.5,21.4,35.0,68.6,34.4,85.7,15.8,10.5,10.1,4.5,6.3,6.1,7.0,177.4,343.4,854.8,381.7,1250.9,315.6,2707.3,874.4,264.2,512.1,1122.9,130.2,517.3,1382.8,6480.0,5025.4,592.6,3555.8
1950,56.9,55.5,112.9,189.4,116.2,135.7,13.8,8.7,11.5,5.1,7.7,5.9,19.1,24.5,262.0,1178.9,633.8,1143.1,208.4,1973.8,1794.8,399.7,969.7,833.0,171.9,1488.4,802.8,1426.5,6326.4,460.4,2684.7
1951,39.3,58.9,127.9,240.1,132.9,101.9,14.1,9.8,12.8,8.2,8.4,6.2,63.5,30.1,433.3,1938.3,855.4,1900.8,509.6,1359.0,2502.5,438.2,637.2,2168.8,349.3,695.1,1016.9,2758.5,4085.4,491.0,4236.0
1952,64.8,14.8,65.0,85.5,59.0,80.3,22.7,15.9,9.9,10.8,7.6,7.1,30.9,43.8,358.4,1111.1,574.0,511.8,734.2,1380.1,1385.9,247.1,821.9,974.3,270.8,503.4,2249.4,4459.5,2950.0,186.9,2415.7
1953,96.7,20.7,50.8,91.5,59.6,271.2,13.7,5.7,9.7,4.9,6.6,6.5,34.6,39.4,329.1,638.2,392.4,804.2,251.9,1187.9,1120.3,296.3,1019.6,3931.5,92.0,577.6,2680.0,400.5,2422.6,162.9,3989.0
1954,41.1,14.9,133.6,42.1,76.5,106.0,9.8,3.6,9.3,2.9,4.8,5.3,12.9,37.1,833.8,683.1,417.0,1251.9,511.1,228.1,1294.7,414.0,965.2,2495.6,74.4,468.8,1865.2,1719.0,2510.8,350.2,3261.9
1955,52.0,16.4,88.0,139.8,207.4,88.8,8.8,5.9,14.1,2.6,6.2,4.1,19.7,20.2,325.9,804.6,479.6,644.1,333.1,543.8,1161.5,316.9,333.4,1596.7,143.8,474.9,3428.0,1152.0,1682.9,306.3,1308.0
1956,81.1,30.1,84.2,259.3,55.4,75.5,12.1,23.5,9.3,5.0,7.2,3.7,18.2,32.7,616.8,518.6,283.1,641.3,192.0,1679.6,838.3,405.2,333.9,2865.3,86.1,503.5,3634.4,1701.0,1399.9,1900.6,1916.7
1957,46.1,21.4,103.5,126.6,67.8,72.6,7.1,25.7,10.8,3.0,7.4,5.4,117.4,26.4,345.5,500.8,404.8,1533.4,234.4,962.6,994.8,277.5,547.9,2231.4,48.6,234.0,936.0,4639.5,6091.2,1602.4,2664.1
1958,57.6,26.9,85.3,69.2,39.7,112.2,23.1,8.5,8.7,8.3,5.8,4.5,28.5,28.1,647.8,589.3,282.9,655.9,281.2,375.9,519.0,165.5,377.7,1930.0,197.8,513.8,913.0,3343.5,2623.4,687.3,902.0
1959,47.0,6.9,73.8,83.7,62.7,77.9,15.6,10.2,5.9,7.7,6.0,3.2,16.0,33.0,457.2,681.1,366.4,402.0,129.5,408.6,822.2,69.9,1164.4,1689.9,209.5,289.7,1552.8,5976.0,1091.5,179.0,2888.9
1960,46.0,17.4,67.3,125.7,64.0,66.0,9.5,13.1,11.5,7.9,8.2,3.4,19.3,15.9,689.7,454.3,240.3,730.2,386.1,524.7,412.9,87.8,431.3,865.5,131.9,358.8,7347.7,2682.0,1692.1,213.5,3070.1
1961,58.8,9.3,54.7,80.6,65.4,71.9,16.3,10.3,7.5,4.8,5.5,5.0,25.3,34.0,720.0,650.7,244.0,1111.6,224.8,720.1,1228.5,386.9,392.6,2177.3,191.6,457.2,1169.4,1404.0,1719.1,271.3,2879.8
1962,34.4,16.9,60.6,88.4,133.8,165.8,12.7,5.9,8.6,3.7,4.4,4.8,61.9,12.6,791.3,775.9,441.0,1084.7,197.5,666.4,537.3,421.5,259.4,579.0,652.8,363.5,1415.1,1129.5,704.3,455.9,2211.2
1963,41.3,19.9,58.8,114.2,88.9,49.3,18.0,7.1,4.8,6.9,5.9,6.6,52.8,13.4,963.3,526.8,305.5,710.7,183.8,258.7,539.6,300.7,626.0,1013.8,186.7,415.4,1226.3,3973.5,1469.7,528.9,3467.9
1964,40.6,21.4,87.4,80.9,32.9,44.4,8.8,9.2,7.5,4.8,5.0,5.6,29.6,32.9,349.2,2898.5,493.3,628.8,127.7,748.1,986.7,244.5,716.4,1557.0,212.1,579.1,1406.9,2691.0,422.7,331.2,5359.0
1965,46.8,11.8,35.3,71.9,59.4,96.8,24.5,10.9,7.4,13.2,7.4,4.8,21.1,41.2,798.2,469.5,284.8,352.5,234.5,584.4,296.5,159.0,390.5,1438.2,385.1,396.6,2056.4,850.5,173.1,314.9,4311.3
1966,46.1,15.2,76.2,126.1,135.2,56.1,18.6,4.3,16.2,9.7,8.8,5.4,8.6,23.1,997.8,821.8,364.2,1099.8,271.4,1021.1,683.4,131.5,471.3,1791.0,268.5,313.1,2074.2,6835.5,551.1,206.8,9425.3
1967,31.7,16.7,58.7,89.6,80.3,57.0,7.9,6.2,15.6,6.4,6.3,4.0,59.9,16.7,522.7,610.6,305.7,693.0,297.2,315.1,1916.8,231.7,436.7,914.4,239.7,593.3,5342.9,3190.5,1181.4,217.0,10042.7
1968,39.2,13.8,112.7,130.7,54.3,172.0,7.1,6.8,9.5,7.9,4.3,4.5,42.0,9.0,635.7,922.9,453.1,644.2,256.9,481.6,641.9,434.6,691.6,2208.6,150.6,546.1,2661.0,3325.5,259.5,164.2,11043.5
1969,54.6,20.3,70.0,125.9,54.3,174.5,14.4,43.6,5.1,14.0,4.9,4.3,36.9,12.6,274.8,473.2,253.6,897.0,399.3,388.2,921.5,932.1,873.1,1018.4,183.6,175.1,5994.4,1350.0,732.7,87.1,5617.4
1970,51.8,16.8,61.7,93.7,45.5,105.3,10.0,17.0,6.0,6.4,4.9,3.8,72.5,25.6,816.4,732.6,395.2,-999.0,183.8,572.6,440.5,412.6,933.9,1091.0,213.6,268.8,3337.3,3127.5,554.3,65.8,12801.8
1971,36.4,9.6,68.8,78.4,70.4,192.4,10.9,6.7,13.5,2.2,5.7,3.8,75.2,27.0,403.8,1026.1,313.0,-999.0,256.3,363.6,990.1,304.9,601.5,1304.7,161.2,281.2,1575.6,4995.0,536.8,79.1,6109.1
1972,41.2,14.7,88.8,129.2,52.1,163.8,12.0,3.4,12.3,3.9,4.4,3.8,17.0,11.8,503.0,984.8,303.6,-999.0,412.8,493.9,913.7,305.1,378.9,1400.7,99.9,708.5,3545.1,3798.0,2685.1,141.0,6191.9
1973,42.1,12.4,65.5,125.5,33.4,55.9,4.2,9.8,25.9,3.3,3.6,4.2,16.6,13.6,539.7,445.6,352.3,1002.4,487.5,234.3,937.9,421.5,201.6,2013.4,234.3,242.9,4882.7,3100.5,1588.9,149.8,4772.2
1974,38.7,12.8,23.1,66.7,11.8,221.8,5.7,3.1,26.4,2.9,3.6,4.8,56.4,11.4,339.3,321.7,267.6,1489.9,209.7,1133.4,800.9,105.3,553.4,1879.3,145.6,853.7,1323.4,4954.5,648.1,187.1,4027.1
1975,112.5,18.7,-999.0,178.0,-999.0,137.2,13.9,23.8,17.9,5.4,3.6,3.4,177.4,29.0,465.9,308.3,367.4,828.1,204.5,587.8,728.5,247.7,205.1,725.5,113.1,518.3,2925.9,1107.0,968.2,212.0,6189.2
1976,50.9,10.0,72.1,84.6,-999.0,100.3,13.0,10.8,13.7,5.2,3.4,5.2,98.2,36.8,328.2,450.3,502.5,538.1,207.5,224.5,1293.4,304.7,339.2,686.0,60.6,585.2,12905.8,1269.0,1331.3,133.8,8275.6
1977,60.7,14.7,59.4,94.8,-999.0,164.2,29.6,5.1,20.7,7.5,5.9,3.9,15.0,21.2,372.7,437.8,253.4,710.9,242.0,438.7,468.6,197.8,487.4,1558.2,395.2,390.9,3984.1,3082.5,2214.4,160.7,7881.3
1978,33.1,7.2,22.7,49.3,118.6,1446.6,17.9,16.2,22.1,7.0,6.9,5.5,11.5,20.8,405.5,351.0,328.8,-999.0,180.8,742.2,591.0,218.6,186.8,2334.8,93.4,325.9,3979.1,4378.5,886.9,127.1,4600.4
1979,39.6,19.5,28.6,89.0,27.1,51.1,8.5,14.3,21.5,5.2,4.7,4.1,15.3,30.9,843.9,713.6,266.6,563.4,408.0,358.2,1828.8,186.5,338.1,929.9,127.4,224.2,5269.2,3316.5,932.9,99.3,5574.4
1980,48.6,17.0,37.5,106.0,43.4,76.1,13.0,12.4,16.3,6.3,3.1,4.3,118.7,16.3,686.3,741.5,421.1,501.4,430.1,1279.4,899.9,200.8,457.0,2144.9,130.1,474.5,3184.2,2223.0,396.0,130.9,3774.4
1981,47.3,19.0,76.3,57.3,41.7,90.0,11.1,6.8,21.0,16.9,5.3,5.3,42.1,31.3,539.4,484.0,548.2,508.6,309.9,521.0,940.1,156.0,454.0,3484.5,370.3,827.2,2807.4,6237.0,198.7,191.7,8443.1
1982,35.0,21.5,77.0,62.8,68.3,144.7,7.6,1.0,23.1,16.5,5.7,5.2,20.0,9.4,403.4,271.6,280.8,495.2,232.9,684.2,1071.1,622.5,320.6,2664.1,185.8,463.1,10607.9,2668.5,300.7,128.8,8658.4
1983,50.0,15.7,83.2,60.3,58.2,90.5,10.5,9.7,24.0,12.7,5.7,4.8,26.1,22.6,784.7,393.2,328.8,599.3,361.2,362.2,1264.2,339.0,334.1,1620.3,66.8,131.8,9351.2,2434.5,1791.8,256.8,4410.2
1984,30.7,18.2,49.8,80.7,54.4,80.9,16.4,6.1,28.1,5.9,5.6,4.0,32.5,19.3,376.6,447.6,551.8,485.5,212.5,325.1,410.5,389.6,224.3,1568.6,159.1,368.2,5034.1,1944.0,3277.3,211.4,3677.0
1985,24.8,23.4,40.3,56.8,98.2,112.7,17.2,3.8,34.5,6.8,5.4,4.0,17.8,68.2,651.1,339.2,309.0,671.7,247.9,331.1,778.2,206.7,208.6,2159.0,143.5,367.0,7320.1,2331.0,3277.3,165.4,3878.6
1986,20.6,16.4,35.1,59.4,60.8,92.7,19.4,46.0,61.8,5.6,-999.0,4.6,30.4,12.2,534.5,358.9,214.1,475.9,268.3,212.4,739.8,283.3,416.6,1919.6,86.2,298.6,2699.8,1786.5,3277.3,298.2,4617.5
1987,25.2,33.3,50.1,73.8,58.1,57.2,26.0,8.1,58.2,3.6,-999.0,3.7,27.2,16.7,414.6,486.5,261.0,321.9,297.4,249.7,512.5,474.7,283.2,2032.4,95.5,357.2,1827.9,6570.0,3277.3,99.8,1768.1
1988,51.9,55.3,66.1,113.8,68.2,108.1,17.4,6.4,42.9,4.1,-999.0,3.5,15.2,16.9,502.0,437.7,321.9,609.9,274.1,274.1,437.3,153.8,200.3,1516.6,166.6,234.2,4409.1,2344.5,6484.2,163.2,2100.5
1989,38.3,17.3,42.4,75.1,57.2,88.0,14.7,4.0,22.0,4.0,-999.0,5.0,9.7,34.9,636.0,393.5,242.4,796.7,124.2,398.1,600.0,224.7,1117.7,1352.7,112.6,392.6,3548.3,2970.0,-999.0,186.8,2684.9
1990,47.9,12.5,43.9,45.9,33.9,78.7,6.8,8.5,18.1,2.1,-999.0,3.1,11.0,50.9,475.0,702.1,341.5,651.2,240.7,357.4,452.6,369.4,410.2,2067.2,64.1,209.2,4222.8,3685.5,-999.0,100.2,3421.3
1991,54.6,29.5,72.5,120.8,80.1,80.2,2.8,12.4,28.2,4.7,-999.0,2.9,21.4,27.3,581.4,560.5,375.5,703.4,493.4,361.1,735.3,182.3,288.4,4482.2,93.6,714.9,3803.9,2367.0,-999.0,145.4,8096.7
1992,42.9,25.8,104.9,96.1,50.9,52.9,6.1,18.4,21.7,4.1,-999.0,4.0,29.9,32.8,538.4,462.5,248.5,2650.9,189.1,514.7,1244.4,268.6,142.8,1963.2,71.8,156.8,1199.1,3883.5,-999.0,93.0,3102.1
1993,32.4,14.9,36.1,66.4,51.3,98.4,31.1,15.3,14.5,2.6,-999.0,5.3,60.9,29.8,522.6,232.7,280.3,914.0,483.9,641.9,389.3,202.4,377.3,2033.1,160.3,69.8,754.1,3285.0,-999.0,99.2,3153.7
1994,47.1,29.6,58.3,95.2,47.8,415.2,27.7,39.4,-999.0,5.9,-999.0,6.1,32.5,23.5,352.9,872.3,421.4,360.3,224.8,1391.0,872.6,-999.0,-999.0,1233.0,161.2,-999.0,594.7,2763.0,-999.0,234.8,2173.5
1995,49.1,10.3,41.9,66.9,82.0,248.6,17.0,8.3,-999.0,3.1,-999.0,7.2,33.9,26.0,726.9,960.2,460.0,1274.0,233.6,468.6,1410.3,-999.0,-999.0,2939.2,292.9,-999.0,2932.6,1912.5,-999.0,478.3,1422.5
1996,34.5,14.3,33.0,78.7,63.9,510.2,13.4,17.2,-999.0,2.5,-999.0,9.0,48.9,30.3,934.1,521.0,253.4,419.4,126.7,297.0,323.6,-999.0,-999.0,1491.9,-999.0,-999.0,3727.4,4131.0,-999.0,176.7,3861.0
1997,46.7,10.5,132.4,93.0,44.0,220.9,19.4,17.2,-999.0,6.5,-999.0,6.1,20.5,57.6,510.4,794.4,298.9,216.1,253.7,192.7,153.0,-999.0,-999.0,1100.8,-999.0,-999.0,1136.2,3082.5,-999.0,165.6,2776.3
1998,30.9,12.3,64.2,62.1,81.8,112.5,16.9,38.4,-999.0,7.3,-999.0,7.0,27.1,17.3,646.3,395.5,209.6,175.1,295.1,640.7,578.3,-999.0,-999.0,1015.8,-999.0,-999.0,1740.2,3303.0,-999.0,434.3,3989.3
1999,66.2,31.7,84.4,92.6,166.5,230.0,6.4,22.9,-999.0,17.0,-999.0,9.8,19.0,9.5,403.1,469.5,206.1,-999.0,276.8,487.2,587.8,-999.0,-999.0,515.5,-999.0,-999.0,-999.0,5481.0,-999.0,363.5,3727.9
2000,85.8,27.7,105.2,92.9,88.3,262.1,16.7,37.9,-999.0,13.3,-999.0,12.0,37.1,16.3,-999.0,732.5,353.3,-999.0,323.2,365.3,970.2,-999.0,-999.0,1560.5,-999.0,-999.0,-999.0,3447.0,-999.0,369.3,2651.3
2001,49.4,66.0,151.1,191.2,153.0,157.8,38.2,10.1,-999.0,6.3,-999.0,12.0,27.0,47.1,-999.0,583.8,108.4,-999.0,358.0,432.1,623.8,-999.0,-999.0,-999.0,-999.0,-999.0,-999.0,1696.5,-999.0,308.3,-999.0
2002,46.3,19.4,97.4,90.7,88.8,127.7,16.1,26.1,-999.0,12.7,-999.0,10.3,-999.0,24.0,-999.0,279.9,385.2,-999.0,212.8,165.6,738.4,-999.0,-999.0,-999.0,-999.0,-999.0,-999.0,945.0,-999.0,628.7,-999.0
2003,45.7,37.5,85.6,105.9,134.0,121.6,57.4,24.4,-999.0,10.5,-999.0,8.3,-999.0,24.4,-999.0,57.9,276.9,-999.0,502.5,183.8,732.4,-999.0,-999.0,-999.0,-999.0,-999.0,-999.0,2821.5,-999.0,218.4,-999.0
2004,35.4,43.3,46.6,58.2,87.7,65.9,67.4,17.5,-999.0,8.6,-999.0,9.0,-999.0,30.7,-999.0,-999.0,287.9,-999.0,155.7,405.2,332.2,-999.0,-999.0,-999.0,-999.0,-999.0,-999.0,3303.0,-999.0,262.3,-999.0
2005,63.5,41.8,129.3,120.3,177.6,166.3,16.2,14.8,-999.0,6.1,-999.0,8.2,-999.0,24.6,-999.0,-999.0,266.8,-999.0,88.9,182.5,-999.0,-999.0,-999.0,-999.0,-999.0,-999.0,-999.0,2700.0,-999.0,364.0,-999.0
2006,59.1,19.6,72.2,72.4,-999.0,214.8,19.1,32.7,-999.0,5.9,-999.0,8.8,-999.0,15.7,-999.0,-999.0,249.8,-999.0,109.7,346.9,-999.0,-999.0,-999.0,-999.0,-999.0,-999.0,-999.0,1345.5,-999.0,531.4,-999.0
2007,37.9,-999.0,93.5,77.8,-999.0,101.5,21.5,18.3,-999.0,8.2,-999.0,14.3,-999.0,15.4,-999.0,-999.0,134.6,-999.0,101.8,157.1,-999.0,-999.0,-999.0,-999.0,-999.0,-999.0,-999.0,2209.5,-999.0,541.7,-999.0
2008,36.5,-999.0,122.2,135.4,-999.0,-999.0,13.8,25.5,-999.0,6.5,-999.0,14.3,-999.0,-999.0,-999.0,-999.0,302.0,-999.0,150.7,233.0,-999.0,-999.0,-999.0,-999.0,-999.0,-999.0,-999.0,2007.0,-999.0,-999.0,-999.0
2009,22.8,-999.0,57.2,-999.0,-999.0,-999.0,8.9,-999.0,-999.0,4.5,-999.0,-999.0,-999.0,-999.0,-999.0,-999.0,235.6,-999.0,163.6,192.8,-999.0,-999.0,-999.0,-999.0,-999.0,-999.0,-999.0,1327.5,-999.0,-999.0,-999.0
2010,17.4,-999.0,47.5,-999.0,-999.0,-999.0,5.8,-999.0,-999.0,9.2,-999.0,-999.0,-999.0,-999.0,-999.0,-999.0,573.6,-999.0,193.2,147.4,-999.0,-999.0,-999.0,-999.0,-999.0,-999.0,-999.0,2767.5,-999.0,-999.0,-999.0