"age_cal_yr_bp","year_ce","fit_zscore","ci_upper_zscore","ci_lower_zscore","n_records"
-75,2025,1.67454407842076,10.243877139269,-3.73480445685101,1
-74,2024,1.67454407842076,9.74711163338741,-3.50375120165275,1
-73,2023,1.67454407842076,9.21224951848742,-3.27269794645449,1
-72,2022,1.67454407842076,8.62247904612633,-3.04681808249639,1
-71,2021,1.67454407842076,8.01901024695587,-2.91366179427007,1
-70,2020,1.67454407842076,7.40119365273753,-2.67228745137879,1
-69,2019,1.67454407842076,6.78170085593197,-2.43258594898999,1
-68,2018,1.67454407842076,6.18710484335855,-2.28065475578702,0
-67,2017,1.38703958454448,5.58947013017981,-2.0306967711905,0
-66,2016,0.306908476825643,4.97195004735709,-2.14280672016922,0
-65,2015,-0.0849206279297151,4.40790248649497,-1.91119024844396,0
-64,2014,-0.0396920925349021,3.8090916829623,-1.44762129567064,1
-63,2013,-0.0121271812785034,3.27609893388413,-1.20553765970767,1
-62,2012,-0.109923607735921,2.7851719760166,-0.971529614555188,3
-61,2011,-0.125517093600026,2.34027830898176,-0.743748133835672,7
-60,2010,-0.016966174443553,3.19156426905554,-1.17905397257957,10
-59,2009,0.0523438035347081,4.1493013820176,-1.4925999422673,14
-58,2008,0.0556274679284318,1.8085107301694,-0.730014900855617,15
-57,2007,-0.0195233337532605,1.07466128279759,-1.32769235060134,19
-56,2006,-0.204395127454931,0.735378137033992,-1.35083829600213,21
-55,2005,-0.344474546953605,0.381051256339934,-1.39487776199481,23
-54,2004,-0.3783808196548,0.163184960795529,-1.15891720047789,28
-53,2003,-0.334576818096231,0.207617799953178,-0.90022768205783,29
-52,2002,-0.142281261027059,0.321843985491814,-0.583183797292241,29
-51,2001,0.0239440931894087,0.44699082998201,-0.372363844459043,30
-50,2000,0.15459542175426,0.592249327612507,-0.231785567552555,33
-49,1999,0.230023243999277,0.68173672290513,-0.181091154768994,36
-48,1998,0.173638152601384,0.603940886160711,-0.254840930709646,35
-47,1997,0.0516895671194385,0.488880792082266,-0.348209262966107,36
-46,1996,-0.0815903077972679,0.322297020148271,-0.444280108576949,36
-45,1995,-0.189128152026174,0.196655859894584,-0.515910193077075,36
-44,1994,-0.271671918787479,0.0917684422801535,-0.596441455912022,36
-43,1993,-0.328774292938511,0.0117565708668553,-0.681236507887447,33
-42,1992,-0.335267831673503,-0.00944050015135927,-0.716939826896364,34
-41,1991,-0.299836248988289,0.0302960763673817,-0.692314562751341,34
-40,1990,-0.253701163573514,0.119310167104117,-0.678538259897015,33
-39,1989,-0.205974927384026,0.222217150567501,-0.657715333055921,34
-38,1988,-0.186301565122109,0.261927422357174,-0.63339660587985,33
-37,1987,-0.191723635972006,0.248709500368336,-0.622207962922465,33
-36,1986,-0.23350393914078,0.205162499300186,-0.643762554463948,32
-35,1985,-0.28734912025086,0.13136005421197,-0.697801459281955,35
-34,1984,-0.332850741482414,0.0733752912078945,-0.738555661231219,36
-33,1983,-0.361761717963531,0.0371827452186833,-0.75157976257454,36
-32,1982,-0.350200153947869,0.0180243338685669,-0.734990494526223,37
-31,1981,-0.302444225750749,0.0626216029517321,-0.662064708035234,39
-30,1980,-0.274841742247849,0.0760870335130416,-0.615090175292645,39
-29,1979,-0.2625697203604,0.0756109188017921,-0.593317751246096,39
-28,1978,-0.249671894038592,0.063894903283113,-0.559877400760076,38
-27,1977,-0.270350992116888,0.0381651420203579,-0.595405160460669,37
-26,1976,-0.304062023506465,0.0200258534033039,-0.672506972750497,38
-25,1975,-0.29256484031007,0.0429900263596527,-0.677502710040688,40
-24,1974,-0.256932689510514,0.0885960456487521,-0.670717033362031,38
-23,1973,-0.209509844032933,0.122031231704368,-0.611524046907541,39
-22,1972,-0.146059327247538,0.175802939498215,-0.536311566249019,39
-21,1971,-0.0935327081128339,0.221612835129714,-0.465374929820273,39
-20,1970,-0.0720077382904012,0.244130741499009,-0.39797950003018,40
-19,1969,-0.0696429125387759,0.252053321472892,-0.371908952567907,41
-18,1968,-0.0725863535192215,0.276327160277272,-0.36571505564002,41
-17,1967,-0.0515293376772502,0.33947832517209,-0.3576694795111,43
-16,1966,-0.0183307339278916,0.40357674089132,-0.344381273836441,43
-15,1965,-0.00823529801371106,0.451476392746765,-0.356441739504093,43
-14,1964,-0.00433729239916263,0.450963032805608,-0.359127887108419,41
-13,1963,0.0228951086628,0.466134598291845,-0.377339510110558,42
-12,1962,0.0512150213698915,0.475540921640335,-0.337397416121334,43
-11,1961,0.0471001166408231,0.462076220255581,-0.309487533414965,45
-10,1960,0.0280997797246317,0.399283780163276,-0.261917177863972,44
-9,1959,0.0258135255348171,0.305870854317491,-0.22782303878684,42
-8,1958,0.0179362450147638,0.254703239617767,-0.229525405530429,42
-7,1957,-0.0243233181755889,0.194142385323166,-0.282629752462122,45
-6,1956,-0.0722676167262238,0.162208323491853,-0.332845417821466,44
-5,1955,-0.112301690099959,0.12733885103044,-0.364570696066514,46
-4,1954,-0.147251675074543,0.0980607942543158,-0.422029546271953,54
-3,1953,-0.173310884684222,0.104920471805289,-0.45825402222684,56
-2,1952,-0.176228510470826,0.0957862506112048,-0.452255324267316,55
-1,1951,-0.159222000102603,0.10279375144602,-0.430212353445405,52
0,1950,-0.128849163557439,0.132218858465401,-0.385615858853142,51
1,1949,-0.0747905442096976,0.182031957239071,-0.310579157597482,51
2,1948,-0.0232041727209341,0.238122476884456,-0.261131391055012,51
3,1947,0.00453292741067522,0.243443670113651,-0.23011091884558,51
4,1946,0.0152479683304291,0.233182198117455,-0.20862310066259,51
5,1945,0.00462011889889294,0.214602969966881,-0.21453368898518,50
6,1944,-0.023902079708125,0.190560671651335,-0.256872391014316,50
7,1943,-0.0454400246143592,0.191322846059978,-0.279831546741464,48
8,1942,-0.0619424678479246,0.193585988291141,-0.329411056778147,48
9,1941,-0.0759685151851075,0.195517429631245,-0.362055229992864,49
10,1940,-0.0748881397043632,0.201401609689413,-0.375913049886253,52
11,1939,-0.0581183591218176,0.224431638618381,-0.368035000221882,53
12,1938,-0.056118532340446,0.220311527534091,-0.345454475621935,54
13,1937,-0.0625430921581209,0.194823831600941,-0.338127604220586,56
14,1936,-0.0549319570952244,0.189212898895709,-0.306310456798432,58
15,1935,-0.0507933014706757,0.185279518732662,-0.310780886880649,57
16,1934,-0.060939055536433,0.180364888997253,-0.314630777246875,57
17,1933,-0.0652782903238802,0.181627792784281,-0.321957248014939,57
18,1932,-0.0608931709745768,0.195763862431033,-0.322283655431917,56
19,1931,-0.0525021307738271,0.200639028353323,-0.319139039905935,56
20,1930,-0.0276405163487928,0.206327480843231,-0.281170982679663,56
21,1929,0.0150243069198974,0.232733265480297,-0.227376032522632,55
22,1928,0.0578756290324684,0.285391669943921,-0.191710604235833,52
23,1927,0.0827415124074949,0.313724126992573,-0.182797329230973,51
24,1926,0.0756308441054144,0.32469225228777,-0.193477311736627,51
25,1925,0.0650073321940155,0.328054596110565,-0.217037215332724,48
26,1924,0.057161859235991,0.33481385762034,-0.226137517395623,51
27,1923,0.0354466493238616,0.328856369117012,-0.24520009833975,50
28,1922,0.0197890998298881,0.312775788957803,-0.255570812260144,50
29,1921,0.0233193963673903,0.302856354180788,-0.237951537113613,51
30,1920,0.0282010187143453,0.299470237814899,-0.229490342564718,54
31,1919,0.0249486678210991,0.302389202043127,-0.239921166427442,55
32,1918,0.0249335049030403,0.29914408255334,-0.266120438362938,53
33,1917,0.0272167652488304,0.294328970063338,-0.257600200361377,54
34,1916,0.0316164732320972,0.324039515812863,-0.265684355356832,55
35,1915,0.0557940381290297,0.356588364015054,-0.249886474935092,56
36,1914,0.103206273158707,0.402773473374672,-0.187509968564193,57
37,1913,0.161347288491214,0.449071175762323,-0.137401772890224,55
38,1912,0.21986683113949,0.494046913376901,-0.0939297535752428,58
39,1911,0.247057875226199,0.554058690090079,-0.0500749975186748,60
40,1910,0.238712166314311,0.549083989806916,-0.0622207613231913,59
41,1909,0.197901734491012,0.529282205825378,-0.111127978536322,55
42,1908,0.123590534562269,0.486650965274076,-0.204117618426908,54
43,1907,0.0630936821957868,0.425882708779582,-0.291236007783,55
44,1906,0.0164243398447143,0.396020866002003,-0.345245437620622,55
45,1905,-0.0126247729564837,0.391219379131684,-0.374909647708224,55
46,1904,-0.0140303094199536,0.378664399725237,-0.387550754399951,50
47,1903,-0.00862409292667409,0.372492673626705,-0.348127440391206,52
48,1902,-0.0125786960115695,0.340644072332421,-0.345644218637791,51
49,1901,-0.0141259512638426,0.321736422530345,-0.332976486000564,53
50,1900,-0.00897534949687464,0.301621903999662,-0.323574073326378,52
51,1899,-0.0180430101151436,0.288526457916232,-0.329353406446654,54
52,1898,-0.0469136446725182,0.250836679587892,-0.354875135722986,55
53,1897,-0.0704059837732392,0.234575698853757,-0.378680143955174,55
54,1896,-0.0868871458237437,0.202033230136493,-0.38124436675962,53
55,1895,-0.109284219582769,0.17644644957253,-0.377397153692433,54
56,1894,-0.0908346644499133,0.18536438525832,-0.364864070025936,53
57,1893,-0.0384030918072752,0.245250636436044,-0.319164025997566,53
58,1892,-0.0052324226382305,0.307917013011468,-0.293535718286011,54
59,1891,0.0271443469663934,0.361448073765233,-0.263898591011376,55
60,1890,0.0449545618719083,0.36392048507085,-0.234080760094034,53
61,1889,0.0301027201490493,0.33581614198899,-0.232679540433292,53
62,1888,0.0093576552142818,0.280349806132632,-0.230836951939626,54
63,1887,0.00501720495128338,0.252157994559809,-0.250467935778366,55
64,1886,0.0101770307755641,0.289951775878603,-0.274303502243799,55
65,1885,0.0197335438154491,0.35361209694004,-0.304212564566131,54
66,1884,0.0355793849918849,0.430821868210513,-0.306494647871244,57
67,1883,0.0511565647703228,0.440489762413312,-0.273252638470793,58
68,1882,0.0751526885292867,0.481207064805227,-0.235197675574514,59
69,1881,0.126966608992461,0.529442550078664,-0.192338568263828,55
70,1880,0.182794425942575,0.576892773512061,-0.14335702868324,55
71,1879,0.200238939304431,0.597605349850723,-0.127786804001877,55
72,1878,0.215474616427833,0.589196999027935,-0.119548349963175,58
73,1877,0.222124152477716,0.566858797194287,-0.103341294952664,56
74,1876,0.188884815048479,0.496639341782141,-0.112760827292626,55
75,1875,0.144010386464205,0.428014087449938,-0.147177648658751,53
76,1874,0.116508913394471,0.396525296489769,-0.165322851931973,54
77,1873,0.0886424624272971,0.378466039358124,-0.199170460427433,49
78,1872,0.0552071738838065,0.375009055630714,-0.236343907291283,49
79,1871,0.0543104988346214,0.380255239451805,-0.273586685887353,49
80,1870,0.0809293970495177,0.415472167087637,-0.273297822181522,49
81,1869,0.105141358728615,0.446642427795206,-0.262152971283614,48
82,1868,0.146657148711641,0.499052201597024,-0.227586227040018,48
83,1867,0.209173745365515,0.549967986513124,-0.156726856962324,45
84,1866,0.254160044470714,0.59950612337433,-0.0855944222367815,47
85,1865,0.266923898551726,0.594740249323516,-0.0651894521441216,50
86,1864,0.255111268094716,0.561797851614671,-0.057492774039578,52
87,1863,0.223076130732178,0.536348091964325,-0.0703467736757821,49
88,1862,0.195875607203528,0.496166774862237,-0.084761906352791,50
89,1861,0.18352629019229,0.470357322100064,-0.0939872808764104,52
90,1860,0.180066449474989,0.473078435816544,-0.0967091009841268,51
91,1859,0.198407501556206,0.478268939212016,-0.0788891115839712,50
92,1858,0.225270969640594,0.496390823936572,-0.0461181223001169,52
93,1857,0.247351747690595,0.497642941278107,-0.0360804589322409,53
94,1856,0.251836010041026,0.501889832982,-0.0172778789474048,54
95,1855,0.2307965406388,0.461531604579729,-0.0270826771299116,52
96,1854,0.18521453304889,0.429965236393705,-0.0718669058259512,52
97,1853,0.114107139453711,0.394669521085403,-0.163840026293357,55
98,1852,0.0515989075732938,0.361740317541789,-0.23570085236574,58
99,1851,0.0461084077126914,0.348326541918116,-0.260516004586608,59
100,1850,0.0563104365155659,0.357203307699557,-0.245134127251432,58
101,1849,0.0905983167358277,0.378691949481898,-0.20946424239744,58
102,1848,0.167745316230769,0.430388690724173,-0.108635937528022,59
103,1847,0.215538621639368,0.447767368513918,-0.0254480530576267,55
104,1846,0.215774863303535,0.410899411833526,0.0042933917522666,53
105,1845,0.159430510752899,0.360403610248902,-0.0473342175378658,55
106,1844,0.0647803684187779,0.316660125569585,-0.145855042138362,54
107,1843,-0.00219834241109236,0.291298961528805,-0.235729272355438,49
108,1842,-0.03091253928101,0.279621026189887,-0.292511031683398,43
109,1841,-0.0560374173020142,0.285558180124698,-0.343014302438671,42
110,1840,-0.059784280920721,0.283523772478559,-0.368748097692925,41
111,1839,-0.0252118789534328,0.290129141146621,-0.337860282928348,41
112,1838,-0.00766348941467869,0.290462460534481,-0.323727852378436,42
113,1837,-0.0254598281000964,0.284289790164759,-0.332780519737696,45
114,1836,-0.0312268024594214,0.287300446863742,-0.340714432294984,47
115,1835,-0.0162089153477164,0.293891353433152,-0.324094123537769,52
116,1834,0.00912679064441338,0.302747773928733,-0.277698395482324,51
117,1833,0.0627823303347136,0.357305841644196,-0.207090350543743,51
118,1832,0.126480386492655,0.408173804706648,-0.12505938023852,51
119,1831,0.17483610798778,0.464179555067592,-0.0750947767579663,55
120,1830,0.191904236317495,0.482663800811203,-0.0503211245437389,56
121,1829,0.186275242183734,0.487827828654728,-0.0802574753045476,55
122,1828,0.178366906484524,0.490134346224711,-0.131751736367124,54
123,1827,0.157755900622178,0.490252995630182,-0.187834478922458,53
124,1826,0.0971943364067187,0.437523491594616,-0.258590776867301,48
125,1825,0.0249758596110404,0.397491538674302,-0.343500814921287,47
126,1824,-0.0303083799674118,0.339707736360838,-0.409408980503785,41
127,1823,-0.100154085617792,0.293278572228453,-0.504213097696933,41
128,1822,-0.153327169576839,0.266422318032904,-0.564790716060972,45
129,1821,-0.112356619371195,0.291882319130776,-0.530234366455264,45
130,1820,-0.0522647179127276,0.336745373700976,-0.43252964345168,42
131,1819,-0.0185452410974489,0.372540988057305,-0.365185991090829,43
132,1818,0.0217301069560681,0.396637810791921,-0.294324753718669,43
133,1817,0.0632229005880484,0.403176943487502,-0.234167063842642,45
134,1816,0.0497938854165018,0.355408447091319,-0.233649053289124,48
135,1815,0.00922243355180018,0.289212430172912,-0.25094540403968,51
136,1814,-0.00315725443129222,0.279978767141156,-0.271019526503367,52
137,1813,0.0183032768828205,0.313379191762697,-0.27271690181123,51
138,1812,0.0572419280105061,0.340280225267851,-0.232036006775932,49
139,1811,0.0937255470514575,0.396533295274728,-0.192291179367169,46
140,1810,0.140320697745604,0.464882574770453,-0.157690829510474,49
141,1809,0.169822189375783,0.508309794509718,-0.157804301539779,51
142,1808,0.152703459010861,0.517020288636028,-0.195192571281168,48
143,1807,0.134702084573569,0.474809731829275,-0.219287661115387,47
144,1806,0.103842977614276,0.410115632009476,-0.236237977565741,43
145,1805,0.0323813712645207,0.31458249133258,-0.301556723123348,42
146,1804,-0.0612424122570212,0.213335786257549,-0.379254088105266,45
147,1803,-0.150582282205078,0.120660544814347,-0.451233584443718,47
148,1802,-0.212349133762524,0.0391391017205723,-0.489438095401383,47
149,1801,-0.280287341408437,-0.0149814660890556,-0.522759012917523,49
150,1800,-0.337835798921697,-0.0525998203837418,-0.580657339288916,50
151,1799,-0.343283878509704,-0.00942691629141056,-0.617637119436409,47
152,1798,-0.325365861219983,0.0516789615238701,-0.630641582982414,46
153,1797,-0.308056822967697,0.0744170710412646,-0.651513770452275,49
154,1796,-0.268393149262497,0.169557132677257,-0.634699959401151,53
155,1795,-0.211184335973608,0.250945591013581,-0.571866916618609,54
156,1794,-0.157755903028916,0.334997406253541,-0.517386904530344,53
157,1793,-0.0916426126891434,0.396992564018335,-0.450016150208251,50
158,1792,-0.0140146788543924,0.44389846415428,-0.345946114233715,46
159,1791,0.0292120521044662,0.447876685234706,-0.302775307202812,45
160,1790,0.0424190412782795,0.452501477065246,-0.282752938505463,43
161,1789,0.0558824568207633,0.446280050684501,-0.270028205375479,44
162,1788,0.0592455421186859,0.465824013960217,-0.27248342594045,45
163,1787,0.0860736582225112,0.487413856697383,-0.250536348332805,46
164,1786,0.133020893166642,0.519756809944127,-0.216683562055566,43
165,1785,0.150294966082981,0.5129192025438,-0.242636323328808,42
166,1784,0.125786436325741,0.474157127380856,-0.244525112678873,45
167,1783,0.103027038076566,0.430856583204559,-0.248104277102654,46
168,1782,0.0629235833875814,0.382706775141252,-0.255687164890014,44
169,1781,0.0228434724198749,0.351561236680623,-0.299729665154014,46
170,1780,0.0335890784258516,0.340306320053825,-0.268043784030146,50
171,1779,0.0645684442910253,0.353348661245357,-0.218083742388473,53
172,1778,0.0898813022699126,0.376601668486909,-0.165729493467216,50
173,1777,0.144144582951333,0.434948262462652,-0.0928055237276975,49
174,1776,0.199575454742576,0.496097121647072,-0.0523656827157179,47
175,1775,0.188516108696642,0.494569534824026,-0.107451901132844,47
176,1774,0.0768502559577616,0.421693680502372,-0.195636588053384,45
177,1773,-0.0198026047180188,0.343302515426504,-0.298196597701743,48
178,1772,-0.0563769198924865,0.258825631464068,-0.372774578045604,47
179,1771,-0.142342362226268,0.165595818959193,-0.440253542116044,49
180,1770,-0.230187053965445,0.0870967032803141,-0.473574243567502,52
181,1769,-0.198688392660148,0.0479382490782268,-0.427174039468503,49
182,1768,-0.117529222972148,0.0880942694148336,-0.337725351880233,49
183,1767,-0.0269603183115903,0.188612149032068,-0.263507320461987,51
184,1766,0.0255434479165825,0.277420068860867,-0.239189839272354,52
185,1765,0.0366054061636601,0.309338090729934,-0.243740796188557,53
186,1764,0.0482368767413672,0.325037447941564,-0.260519690623528,53
187,1763,0.0492112569072141,0.310627968469445,-0.248297980258586,52
188,1762,0.0162176961476285,0.283084257804392,-0.242598910929648,49
189,1761,-0.0223736340682377,0.255317503917328,-0.265275782799949,49
190,1760,-0.0388334720225835,0.229828308592324,-0.261215283866663,46
191,1759,-0.0455684880478185,0.280023546159172,-0.270455805503866,41
192,1758,-0.0531603223249291,0.33640814835421,-0.288410973058612,41
193,1757,0.00350059474291751,0.394936750055715,-0.265900065158956,41
194,1756,0.0899801723062416,0.50800928266886,-0.250343285841469,41
195,1755,0.126142973011619,0.581678006651153,-0.192410501804836,42
196,1754,0.165884558000314,0.578993091622575,-0.122160811210649,40
197,1753,0.241391075786953,0.536485108760561,-0.0337681835301612,38
198,1752,0.281880667976485,0.537293942542855,0.00920922851779655,35
199,1751,0.31488726513715,0.674672237975901,-0.0761728900854149,33
200,1750,0.382869879764599,0.981575153218389,-0.256707811922936,31
